,poverty_rate,per_capita_income_2007,year,fips
2,10.4,50375.0,2007,1001.0
3,10.3,49163.0,2007,1003.0
4,26.1,30370.0,2007,1005.0
5,18.2,38907.0,2007,1007.0
6,13.1,43266.0,2007,1009.0
7,34.0,24969.0,2007,1011.0
8,23.2,30460.0,2007,1013.0
9,17.1,37478.0,2007,1015.0
10,15.6,33904.0,2007,1017.0
11,18.9,37376.0,2007,1019.0
12,16.7,39663.0,2007,1021.0
13,21.8,31508.0,2007,1023.0
14,21.8,32627.0,2007,1025.0
15,15.5,36009.0,2007,1027.0
16,15.4,38918.0,2007,1029.0
17,16.5,36819.0,2007,1031.0
18,16.5,37530.0,2007,1033.0
19,24.7,27555.0,2007,1035.0
20,15.1,34667.0,2007,1037.0
21,19.4,32490.0,2007,1039.0
22,18.3,33156.0,2007,1041.0
23,14.2,39194.0,2007,1043.0
24,16.7,41214.0,2007,1045.0
25,30.2,27647.0,2007,1047.0
26,18.4,35558.0,2007,1049.0
27,11.3,49193.0,2007,1051.0
28,22.4,34615.0,2007,1053.0
29,17.4,35420.0,2007,1055.0
30,17.2,35957.0,2007,1057.0
31,20.1,30765.0,2007,1059.0
32,19.5,33734.0,2007,1061.0
33,31.3,25137.0,2007,1063.0
34,24.0,31481.0,2007,1065.0
35,17.9,35076.0,2007,1067.0
36,15.7,40461.0,2007,1069.0
37,17.6,36178.0,2007,1071.0
38,15.1,44908.0,2007,1073.0
39,18.5,32893.0,2007,1075.0
40,18.1,37981.0,2007,1077.0
41,15.0,39248.0,2007,1079.0
42,17.3,39719.0,2007,1081.0
43,12.6,46753.0,2007,1083.0
44,30.0,28530.0,2007,1085.0
45,29.6,27011.0,2007,1087.0
46,11.3,52870.0,2007,1089.0
47,20.0,32747.0,2007,1091.0
48,19.7,32752.0,2007,1093.0
49,19.6,36931.0,2007,1095.0
50,20.8,37575.0,2007,1097.0
51,23.6,32367.0,2007,1099.0
52,18.1,41199.0,2007,1101.0
53,14.2,43619.0,2007,1103.0
54,32.7,24132.0,2007,1105.0
55,22.2,31497.0,2007,1107.0
56,27.0,25817.0,2007,1109.0
57,20.9,34352.0,2007,1111.0
58,21.2,33546.0,2007,1113.0
59,11.6,50046.0,2007,1115.0
60,6.9,67031.0,2007,1117.0
61,35.0,23439.0,2007,1119.0
62,18.0,38644.0,2007,1121.0
63,17.1,35801.0,2007,1123.0
64,18.6,41543.0,2007,1125.0
65,19.1,35497.0,2007,1127.0
66,18.7,35810.0,2007,1129.0
67,35.7,21325.0,2007,1131.0
68,16.0,32986.0,2007,1133.0
70,16.9,56111.0,2007,2013.0
71,10.2,61536.0,2007,2016.0
72,8.0,67856.0,2007,2020.0
73,21.4,39519.0,2007,2050.0
74,8.5,62945.0,2007,2060.0
75,6.4,64565.0,2007,2068.0
76,21.5,49319.0,2007,2070.0
77,7.8,62155.0,2007,2090.0
78,11.4,47005.0,2007,2100.0
79,7.1,75302.0,2007,2110.0
80,10.3,56648.0,2007,2122.0
81,8.8,57202.0,2007,2130.0
82,7.5,59010.0,2007,2150.0
83,18.9,40574.0,2007,2164.0
84,9.5,64969.0,2007,2170.0
85,23.1,46942.0,2007,2180.0
86,13.8,68589.0,2007,2185.0
87,21.2,50168.0,2007,2188.0
88,17.9,42798.0,2007,2201.0
89,8.4,58958.0,2007,2220.0
90,13.9,44506.0,2007,2232.0
91,13.5,52330.0,2007,2240.0
92,9.5,55428.0,2007,2261.0
93,27.3,30335.0,2007,2270.0
94,9.9,53048.0,2007,2280.0
95,15.1,49330.0,2007,2282.0
96,23.7,32097.0,2007,2290.0
98,33.4,29976.0,2007,4001.0
99,16.3,42995.0,2007,4003.0
100,16.2,48549.0,2007,4005.0
101,18.2,34761.0,2007,4007.0
102,22.4,38798.0,2007,4009.0
103,11.2,50195.0,2007,4011.0
104,23.8,29912.0,2007,4012.0
105,12.9,54733.0,2007,4013.0
106,13.5,39669.0,2007,4015.0
107,23.4,38871.0,2007,4017.0
108,14.9,43721.0,2007,4019.0
109,12.5,49906.0,2007,4021.0
110,20.1,35661.0,2007,4023.0
111,12.6,44268.0,2007,4025.0
112,17.8,39781.0,2007,4027.0
114,17.9,37344.0,2007,5001.0
115,20.7,35263.0,2007,5003.0
116,12.4,35845.0,2007,5005.0
117,11.3,49064.0,2007,5007.0
118,16.9,36704.0,2007,5009.0
119,24.4,30150.0,2007,5011.0
120,17.7,34847.0,2007,5013.0
121,17.6,32060.0,2007,5015.0
122,32.4,24921.0,2007,5017.0
123,22.3,33887.0,2007,5019.0
124,18.4,29131.0,2007,5021.0
125,16.4,37277.0,2007,5023.0
126,16.4,37648.0,2007,5025.0
127,23.5,36981.0,2007,5027.0
128,18.7,36786.0,2007,5029.0
129,16.3,39808.0,2007,5031.0
130,18.4,37353.0,2007,5033.0
131,25.7,35894.0,2007,5035.0
132,20.7,33176.0,2007,5037.0
133,21.2,31657.0,2007,5039.0
134,26.6,28119.0,2007,5041.0
135,22.6,33810.0,2007,5043.0
136,14.9,45370.0,2007,5045.0
137,20.0,36367.0,2007,5047.0
138,20.3,30261.0,2007,5049.0
139,18.1,36299.0,2007,5051.0
140,10.6,46977.0,2007,5053.0
141,16.2,37724.0,2007,5055.0
142,21.5,33686.0,2007,5057.0
143,14.8,37704.0,2007,5059.0
144,18.4,32979.0,2007,5061.0
145,15.1,36984.0,2007,5063.0
146,21.3,31231.0,2007,5065.0
147,23.8,29351.0,2007,5067.0
148,25.0,36293.0,2007,5069.0
149,16.5,31586.0,2007,5071.0
150,24.6,28727.0,2007,5073.0
151,22.5,31286.0,2007,5075.0
152,31.8,24195.0,2007,5077.0
153,26.8,30926.0,2007,5079.0
154,19.3,33342.0,2007,5081.0
155,17.6,34261.0,2007,5083.0
156,11.2,47810.0,2007,5085.0
157,17.1,34877.0,2007,5087.0
158,17.1,31064.0,2007,5089.0
159,18.7,37106.0,2007,5091.0
160,28.2,31613.0,2007,5093.0
161,27.2,27141.0,2007,5095.0
162,18.0,34925.0,2007,5097.0
163,21.0,32306.0,2007,5099.0
164,21.7,28819.0,2007,5101.0
165,22.9,33418.0,2007,5103.0
166,16.2,37491.0,2007,5105.0
167,37.2,26261.0,2007,5107.0
168,17.6,33892.0,2007,5109.0
169,25.3,30581.0,2007,5111.0
170,19.4,30935.0,2007,5113.0
171,16.3,38770.0,2007,5115.0
172,16.4,34975.0,2007,5117.0
173,15.5,44909.0,2007,5119.0
174,17.4,32600.0,2007,5121.0
175,32.6,28318.0,2007,5123.0
176,10.7,50849.0,2007,5125.0
177,22.5,33884.0,2007,5127.0
178,23.9,24515.0,2007,5129.0
179,16.1,40545.0,2007,5131.0
180,18.4,33281.0,2007,5133.0
181,23.1,27176.0,2007,5135.0
182,21.1,27287.0,2007,5137.0
183,19.0,37120.0,2007,5139.0
184,17.1,31924.0,2007,5141.0
185,15.4,42909.0,2007,5143.0
186,15.5,37809.0,2007,5145.0
187,26.5,26550.0,2007,5147.0
188,18.1,34169.0,2007,5149.0
190,11.0,68263.0,2007,6001.0
191,15.9,46136.0,2007,6003.0
192,10.1,54903.0,2007,6005.0
193,17.1,39466.0,2007,6007.0
194,10.3,51447.0,2007,6009.0
195,12.7,43882.0,2007,6011.0
196,8.7,76317.0,2007,6013.0
197,22.3,35910.0,2007,6015.0
198,8.2,64256.0,2007,6017.0
199,20.0,46547.0,2007,6019.0
200,15.8,38521.0,2007,6021.0
201,16.9,37281.0,2007,6023.0
202,21.0,33576.0,2007,6025.0
203,11.4,46865.0,2007,6027.0
204,18.1,46639.0,2007,6029.0
205,17.2,45087.0,2007,6031.0
206,16.4,38113.0,2007,6033.0
207,17.2,47676.0,2007,6035.0
208,14.6,53494.0,2007,6037.0
209,16.9,44259.0,2007,6039.0
210,6.8,83910.0,2007,6041.0
211,12.5,42757.0,2007,6043.0
212,15.4,42329.0,2007,6045.0
213,19.3,43789.0,2007,6047.0
214,19.6,33713.0,2007,6049.0
215,9.6,54174.0,2007,6051.0
216,12.1,56668.0,2007,6053.0
217,8.6,61988.0,2007,6055.0
218,8.8,58658.0,2007,6057.0
219,8.9,73107.0,2007,6059.0
220,6.0,69667.0,2007,6061.0
221,11.5,45516.0,2007,6063.0
222,11.7,57736.0,2007,6065.0
223,12.2,56823.0,2007,6067.0
224,11.7,66273.0,2007,6069.0
225,12.1,55995.0,2007,6071.0
226,11.1,61724.0,2007,6073.0
227,10.6,67333.0,2007,6075.0
228,14.2,51874.0,2007,6077.0
229,11.5,55942.0,2007,6079.0
230,6.0,82913.0,2007,6081.0
231,12.2,57741.0,2007,6083.0
232,8.3,84265.0,2007,6085.0
233,10.6,62849.0,2007,6087.0
234,13.4,41980.0,2007,6089.0
235,11.7,44950.0,2007,6091.0
236,17.7,35692.0,2007,6093.0
237,9.6,66575.0,2007,6095.0
238,8.9,62279.0,2007,6097.0
239,13.6,50367.0,2007,6099.0
240,12.2,49104.0,2007,6101.0
241,19.3,36884.0,2007,6103.0
242,17.0,35439.0,2007,6105.0
243,23.2,40444.0,2007,6107.0
244,12.5,45478.0,2007,6109.0
245,8.7,72762.0,2007,6111.0
246,14.5,55988.0,2007,6113.0
247,19.2,40602.0,2007,6115.0
249,12.8,52544.0,2007,8001.0
250,21.9,35988.0,2007,8003.0
251,11.1,59299.0,2007,8005.0
252,10.4,53200.0,2007,8007.0
253,19.8,30397.0,2007,8009.0
254,28.2,32043.0,2007,8011.0
255,12.1,64299.0,2007,8013.0
256,5.6,70168.0,2007,8014.0
257,12.3,42464.0,2007,8015.0
258,12.4,44053.0,2007,8017.0
259,7.4,65137.0,2007,8019.0
260,22.1,30453.0,2007,8021.0
261,25.3,25164.0,2007,8023.0
262,43.8,30896.0,2007,8025.0
263,11.7,44193.0,2007,8027.0
264,12.1,39082.0,2007,8029.0
265,17.4,44881.0,2007,8031.0
266,12.8,36797.0,2007,8033.0
267,2.4,94042.0,2007,8035.0
268,6.8,73440.0,2007,8037.0
269,4.9,77037.0,2007,8039.0
270,10.0,55253.0,2007,8041.0
271,18.7,34630.0,2007,8043.0
272,7.8,64173.0,2007,8045.0
273,6.2,62746.0,2007,8047.0
274,7.3,59118.0,2007,8049.0
275,10.7,49333.0,2007,8051.0
276,8.5,47010.0,2007,8053.0
277,22.0,29783.0,2007,8055.0
278,14.2,39007.0,2007,8057.0
279,8.1,64548.0,2007,8059.0
280,14.7,34084.0,2007,8061.0
281,14.5,37288.0,2007,8063.0
282,12.7,41492.0,2007,8065.0
283,11.3,53720.0,2007,8067.0
284,12.2,52968.0,2007,8069.0
285,17.2,36607.0,2007,8071.0
286,17.5,36252.0,2007,8073.0
287,13.7,40874.0,2007,8075.0
288,12.0,49926.0,2007,8077.0
289,9.3,44031.0,2007,8079.0
290,10.6,54323.0,2007,8081.0
291,14.0,41425.0,2007,8083.0
292,12.6,45254.0,2007,8085.0
293,12.3,43540.0,2007,8087.0
294,24.9,31996.0,2007,8089.0
295,7.4,55074.0,2007,8091.0
296,7.4,61987.0,2007,8093.0
297,11.5,39430.0,2007,8095.0
298,4.6,72727.0,2007,8097.0
299,19.8,34581.0,2007,8099.0
300,17.8,40570.0,2007,8101.0
301,8.2,58841.0,2007,8103.0
302,18.1,37350.0,2007,8105.0
303,6.2,63797.0,2007,8107.0
304,30.6,30193.0,2007,8109.0
305,14.3,38257.0,2007,8111.0
306,8.6,59973.0,2007,8113.0
307,12.2,32086.0,2007,8115.0
308,7.0,68685.0,2007,8117.0
309,7.4,59075.0,2007,8119.0
310,13.4,38149.0,2007,8121.0
311,11.6,52228.0,2007,8123.0
312,12.1,41570.0,2007,8125.0
314,6.7,80020.0,2007,9001.0
315,9.3,61056.0,2007,9003.0
316,5.4,68142.0,2007,9005.0
317,5.2,72155.0,2007,9007.0
318,9.5,59640.0,2007,9009.0
319,6.9,60907.0,2007,9011.0
320,6.3,74700.0,2007,9013.0
321,8.5,57339.0,2007,9015.0
323,12.1,47407.0,2007,10001.0
324,10.1,59871.0,2007,10003.0
325,9.7,50132.0,2007,10005.0
327,17.1,54812.0,2007,11001.0
329,22.8,38075.0,2007,12001.0
330,14.4,45783.0,2007,12003.0
331,12.0,47495.0,2007,12005.0
332,16.9,40542.0,2007,12007.0
333,8.6,50261.0,2007,12009.0
334,11.4,52504.0,2007,12011.0
335,23.3,28186.0,2007,12013.0
336,9.2,46328.0,2007,12015.0
337,12.1,36979.0,2007,12017.0
338,8.0,58696.0,2007,12019.0
339,9.9,58519.0,2007,12021.0
340,13.9,40422.0,2007,12023.0
341,21.4,35988.0,2007,12027.0
342,21.6,31018.0,2007,12029.0
343,12.4,49175.0,2007,12031.0
344,15.0,41772.0,2007,12033.0
345,10.1,45639.0,2007,12035.0
346,18.6,35182.0,2007,12037.0
347,25.4,35322.0,2007,12039.0
348,15.4,39383.0,2007,12041.0
349,16.4,37220.0,2007,12043.0
350,16.7,38160.0,2007,12045.0
351,27.7,30971.0,2007,12047.0
352,24.0,36590.0,2007,12049.0
353,20.0,38270.0,2007,12051.0
354,8.9,43208.0,2007,12053.0
355,17.4,34098.0,2007,12055.0
356,11.6,50485.0,2007,12057.0
357,19.8,33321.0,2007,12059.0
358,9.7,47563.0,2007,12061.0
359,27.3,35897.0,2007,12063.0
360,17.8,40217.0,2007,12065.0
361,22.0,36855.0,2007,12067.0
362,9.0,46557.0,2007,12069.0
363,10.1,50750.0,2007,12071.0
364,17.0,48739.0,2007,12073.0
365,18.5,34499.0,2007,12075.0
366,18.4,36758.0,2007,12077.0
367,21.0,39394.0,2007,12079.0
368,10.6,48940.0,2007,12081.0
369,13.0,39354.0,2007,12083.0
370,8.5,55229.0,2007,12085.0
371,15.3,43495.0,2007,12086.0
372,10.5,55054.0,2007,12087.0
373,8.9,56500.0,2007,12089.0
374,9.4,54633.0,2007,12091.0
375,16.4,36989.0,2007,12093.0
376,11.6,50988.0,2007,12095.0
377,11.2,46599.0,2007,12097.0
378,10.2,53500.0,2007,12099.0
379,11.9,44233.0,2007,12101.0
380,11.3,44325.0,2007,12103.0
381,12.8,44216.0,2007,12105.0
382,20.2,33282.0,2007,12107.0
383,6.7,63728.0,2007,12109.0
384,10.8,46127.0,2007,12111.0
385,10.7,50935.0,2007,12113.0
386,8.1,50031.0,2007,12115.0
387,9.1,56315.0,2007,12117.0
388,12.9,42828.0,2007,12119.0
389,17.8,36054.0,2007,12121.0
390,18.5,38056.0,2007,12123.0
391,21.5,41124.0,2007,12125.0
392,14.1,42268.0,2007,12127.0
393,11.3,46997.0,2007,12129.0
394,11.8,45288.0,2007,12131.0
395,18.9,34535.0,2007,12133.0
397,20.1,33275.0,2007,13001.0
398,21.0,30431.0,2007,13003.0
399,21.3,31424.0,2007,13005.0
400,26.8,41795.0,2007,13007.0
401,19.3,39180.0,2007,13009.0
402,13.7,43813.0,2007,13011.0
403,11.2,51283.0,2007,13013.0
404,11.6,48366.0,2007,13015.0
405,21.1,31781.0,2007,13017.0
406,18.9,34460.0,2007,13019.0
407,24.2,36954.0,2007,13021.0
408,18.0,38711.0,2007,13023.0
409,16.9,38316.0,2007,13025.0
410,23.4,32302.0,2007,13027.0
411,9.7,60879.0,2007,13029.0
412,23.4,34861.0,2007,13031.0
413,23.7,33142.0,2007,13033.0
414,13.2,46610.0,2007,13035.0
415,31.0,28348.0,2007,13037.0
416,12.1,46583.0,2007,13039.0
417,22.2,31239.0,2007,13043.0
418,17.3,43196.0,2007,13045.0
419,11.8,47022.0,2007,13047.0
420,20.6,39270.0,2007,13049.0
421,16.3,45124.0,2007,13051.0
422,12.9,45308.0,2007,13053.0
423,18.0,33356.0,2007,13055.0
424,6.0,63518.0,2007,13057.0
425,28.6,36158.0,2007,13059.0
426,31.7,26051.0,2007,13061.0
427,13.0,43674.0,2007,13063.0
428,24.0,30119.0,2007,13065.0
429,9.4,64665.0,2007,13067.0
430,21.9,33666.0,2007,13069.0
431,22.2,33024.0,2007,13071.0
432,6.8,68224.0,2007,13073.0
433,22.9,30607.0,2007,13075.0
434,10.1,58627.0,2007,13077.0
435,19.9,42626.0,2007,13079.0
436,25.8,30385.0,2007,13081.0
437,13.4,40654.0,2007,13083.0
438,9.1,56964.0,2007,13085.0
439,22.5,32650.0,2007,13087.0
440,14.4,51753.0,2007,13089.0
441,21.8,32393.0,2007,13091.0
442,26.7,30266.0,2007,13093.0
443,25.3,33073.0,2007,13095.0
444,10.5,55659.0,2007,13097.0
445,28.9,28703.0,2007,13099.0
446,27.1,32430.0,2007,13101.0
447,9.9,54132.0,2007,13103.0
448,16.9,33344.0,2007,13105.0
449,27.0,26223.0,2007,13107.0
450,23.1,34526.0,2007,13109.0
451,15.3,35710.0,2007,13111.0
452,5.3,79166.0,2007,13113.0
453,16.6,42685.0,2007,13115.0
454,5.2,85318.0,2007,13117.0
455,15.9,36616.0,2007,13119.0
456,14.2,58052.0,2007,13121.0
457,14.7,39902.0,2007,13123.0
458,16.0,36994.0,2007,13125.0
459,13.2,46260.0,2007,13127.0
460,14.3,42769.0,2007,13129.0
461,22.2,33060.0,2007,13131.0
462,20.9,38835.0,2007,13133.0
463,8.4,64005.0,2007,13135.0
464,14.4,41696.0,2007,13137.0
465,12.0,51764.0,2007,13139.0
466,26.8,27426.0,2007,13141.0
467,15.9,38722.0,2007,13143.0
468,9.4,61783.0,2007,13145.0
469,17.8,36667.0,2007,13147.0
470,16.4,42076.0,2007,13149.0
471,7.4,63395.0,2007,13151.0
472,11.3,52911.0,2007,13153.0
473,36.2,33902.0,2007,13155.0
474,12.2,49820.0,2007,13157.0
475,16.2,44695.0,2007,13159.0
476,20.8,32530.0,2007,13161.0
477,23.6,30967.0,2007,13163.0
478,25.4,28152.0,2007,13165.0
479,31.9,28310.0,2007,13167.0
480,12.2,50652.0,2007,13169.0
481,16.7,40923.0,2007,13171.0
482,20.3,34041.0,2007,13173.0
483,23.0,36092.0,2007,13175.0
484,9.6,55446.0,2007,13177.0
485,17.7,40993.0,2007,13179.0
486,18.2,36260.0,2007,13181.0
487,21.2,37334.0,2007,13183.0
488,20.5,38666.0,2007,13185.0
489,13.3,46582.0,2007,13187.0
490,19.4,36645.0,2007,13189.0
491,18.3,36026.0,2007,13191.0
492,28.3,27742.0,2007,13193.0
493,12.2,42627.0,2007,13195.0
494,21.1,34453.0,2007,13197.0
495,20.9,35093.0,2007,13199.0
496,21.4,31895.0,2007,13201.0
497,25.3,30732.0,2007,13205.0
498,11.4,50423.0,2007,13207.0
499,21.8,34961.0,2007,13209.0
500,13.0,47245.0,2007,13211.0
501,15.6,35817.0,2007,13213.0
502,18.6,41095.0,2007,13215.0
503,11.2,49995.0,2007,13217.0
504,7.1,70872.0,2007,13219.0
505,14.3,43514.0,2007,13221.0
506,6.9,59828.0,2007,13223.0
507,20.8,39506.0,2007,13225.0
508,11.3,50617.0,2007,13227.0
509,17.9,37173.0,2007,13229.0
510,11.1,51043.0,2007,13231.0
511,17.6,37814.0,2007,13233.0
512,18.3,39076.0,2007,13235.0
513,14.9,44128.0,2007,13237.0
514,23.6,28877.0,2007,13239.0
515,14.0,39188.0,2007,13241.0
516,25.6,26487.0,2007,13243.0
517,23.9,36944.0,2007,13245.0
518,11.3,55642.0,2007,13247.0
519,17.8,37613.0,2007,13249.0
520,20.6,32638.0,2007,13251.0
521,22.0,31094.0,2007,13253.0
522,19.4,39310.0,2007,13255.0
523,18.1,33965.0,2007,13257.0
524,27.8,27687.0,2007,13259.0
525,25.0,34882.0,2007,13261.0
526,24.4,31515.0,2007,13263.0
527,27.8,27021.0,2007,13265.0
528,25.8,33003.0,2007,13267.0
529,24.3,29657.0,2007,13269.0
530,30.4,28950.0,2007,13271.0
531,34.5,30394.0,2007,13273.0
532,17.1,39665.0,2007,13275.0
533,28.9,37335.0,2007,13277.0
534,22.8,32480.0,2007,13279.0
535,12.3,40383.0,2007,13281.0
536,27.2,29442.0,2007,13283.0
537,16.4,40867.0,2007,13285.0
538,24.6,30582.0,2007,13287.0
539,19.5,36096.0,2007,13289.0
540,11.6,42302.0,2007,13291.0
541,18.0,35046.0,2007,13293.0
542,16.1,37568.0,2007,13295.0
543,12.2,53022.0,2007,13297.0
544,20.4,34286.0,2007,13299.0
545,23.3,31964.0,2007,13301.0
546,21.8,34760.0,2007,13303.0
547,17.5,38773.0,2007,13305.0
548,20.6,33287.0,2007,13307.0
549,31.0,31707.0,2007,13309.0
550,14.6,41325.0,2007,13311.0
551,16.5,43408.0,2007,13313.0
552,26.9,31697.0,2007,13315.0
553,20.1,32461.0,2007,13317.0
554,17.9,35367.0,2007,13319.0
555,18.3,37643.0,2007,13321.0
557,13.1,55779.0,2007,15001.0
558,7.8,64849.0,2007,15003.0
559,,,2007,15005.0
560,9.0,55786.0,2007,15007.0
561,6.8,60435.0,2007,15009.0
563,7.9,55121.0,2007,16001.0
564,12.6,37796.0,2007,16003.0
565,15.3,44150.0,2007,16005.0
566,11.1,42360.0,2007,16007.0
567,15.2,38402.0,2007,16009.0
568,12.8,42714.0,2007,16011.0
569,6.5,65857.0,2007,16013.0
570,12.0,48991.0,2007,16015.0
571,14.7,42420.0,2007,16017.0
572,10.8,51260.0,2007,16019.0
573,15.6,37653.0,2007,16021.0
574,16.0,38084.0,2007,16023.0
575,8.0,49016.0,2007,16025.0
576,14.5,43132.0,2007,16027.0
577,10.6,48066.0,2007,16029.0
578,17.8,37837.0,2007,16031.0
579,15.0,37845.0,2007,16033.0
580,15.0,38785.0,2007,16035.0
581,12.4,41042.0,2007,16037.0
582,12.0,50920.0,2007,16039.0
583,10.0,45370.0,2007,16041.0
584,13.2,40571.0,2007,16043.0
585,13.0,41392.0,2007,16045.0
586,13.2,39039.0,2007,16047.0
587,15.7,36952.0,2007,16049.0
588,12.0,47726.0,2007,16051.0
589,12.7,41790.0,2007,16053.0
590,11.3,46724.0,2007,16055.0
591,17.0,42031.0,2007,16057.0
592,13.5,37523.0,2007,16059.0
593,13.0,36089.0,2007,16061.0
594,15.1,40271.0,2007,16063.0
595,21.5,39543.0,2007,16065.0
596,16.1,39490.0,2007,16067.0
597,12.7,40726.0,2007,16069.0
598,11.5,41439.0,2007,16071.0
599,17.5,35683.0,2007,16073.0
600,14.5,42754.0,2007,16075.0
601,16.1,38259.0,2007,16077.0
602,17.5,35095.0,2007,16079.0
603,8.7,51900.0,2007,16081.0
604,12.8,39977.0,2007,16083.0
605,9.3,50868.0,2007,16085.0
606,15.4,37009.0,2007,16087.0
608,11.8,43602.0,2007,17001.0
609,27.7,28443.0,2007,17003.0
610,11.9,46974.0,2007,17005.0
611,9.8,59405.0,2007,17007.0
612,16.1,42205.0,2007,17009.0
613,9.9,45794.0,2007,17011.0
614,10.9,43889.0,2007,17013.0
615,12.2,41515.0,2007,17015.0
616,12.0,40318.0,2007,17017.0
617,18.2,44237.0,2007,17019.0
618,13.0,41660.0,2007,17021.0
619,11.5,44826.0,2007,17023.0
620,13.7,36401.0,2007,17025.0
621,9.5,52996.0,2007,17027.0
622,20.0,36007.0,2007,17029.0
623,14.6,52554.0,2007,17031.0
624,14.7,41724.0,2007,17033.0
625,12.3,40875.0,2007,17035.0
626,11.5,54945.0,2007,17037.0
627,9.5,47415.0,2007,17039.0
628,8.7,46166.0,2007,17041.0
629,4.8,73818.0,2007,17043.0
630,12.9,40544.0,2007,17045.0
631,11.6,40970.0,2007,17047.0
632,10.1,48003.0,2007,17049.0
633,14.3,38527.0,2007,17051.0
634,8.7,46388.0,2007,17053.0
635,17.6,33963.0,2007,17055.0
636,12.6,40668.0,2007,17057.0
637,19.9,33799.0,2007,17059.0
638,14.0,37685.0,2007,17061.0
639,5.4,62835.0,2007,17063.0
640,12.5,37500.0,2007,17065.0
641,10.8,45213.0,2007,17067.0
642,20.9,33455.0,2007,17069.0
643,11.4,40939.0,2007,17071.0
644,9.8,46209.0,2007,17073.0
645,11.9,44003.0,2007,17075.0
646,28.6,31146.0,2007,17077.0
647,11.1,42723.0,2007,17079.0
648,15.7,41705.0,2007,17081.0
649,9.7,54031.0,2007,17083.0
650,8.6,48000.0,2007,17085.0
651,14.2,42277.0,2007,17087.0
652,7.8,68513.0,2007,17089.0
653,13.0,47009.0,2007,17091.0
654,3.7,77938.0,2007,17093.0
655,17.6,37880.0,2007,17095.0
656,6.3,77904.0,2007,17097.0
657,10.3,48218.0,2007,17099.0
658,15.3,37921.0,2007,17101.0
659,9.8,47602.0,2007,17103.0
660,11.3,47442.0,2007,17105.0
661,11.0,44690.0,2007,17107.0
662,23.4,34690.0,2007,17109.0
663,5.3,74115.0,2007,17111.0
664,12.5,55018.0,2007,17113.0
665,15.9,44752.0,2007,17115.0
666,12.0,44025.0,2007,17117.0
667,11.3,52073.0,2007,17119.0
668,15.6,38262.0,2007,17121.0
669,8.1,48338.0,2007,17123.0
670,12.5,42946.0,2007,17125.0
671,15.0,38461.0,2007,17127.0
672,8.7,55268.0,2007,17129.0
673,8.1,48778.0,2007,17131.0
674,4.5,66748.0,2007,17133.0
675,13.8,39530.0,2007,17135.0
676,15.2,41833.0,2007,17137.0
677,8.8,46868.0,2007,17139.0
678,7.9,54425.0,2007,17141.0
679,13.6,47150.0,2007,17143.0
680,15.6,38983.0,2007,17145.0
681,6.8,55009.0,2007,17147.0
682,13.7,39219.0,2007,17149.0
683,21.0,36421.0,2007,17151.0
684,24.2,31087.0,2007,17153.0
685,6.9,55134.0,2007,17155.0
686,12.8,42980.0,2007,17157.0
687,14.3,38467.0,2007,17159.0
688,13.2,45209.0,2007,17161.0
689,15.8,46428.0,2007,17163.0
690,18.6,33724.0,2007,17165.0
691,12.8,48330.0,2007,17167.0
692,12.1,41023.0,2007,17169.0
693,10.5,44254.0,2007,17171.0
694,12.1,41337.0,2007,17173.0
695,9.9,43043.0,2007,17175.0
696,14.3,43450.0,2007,17177.0
697,8.0,52745.0,2007,17179.0
698,20.9,37923.0,2007,17181.0
699,18.6,38036.0,2007,17183.0
700,12.6,45931.0,2007,17185.0
701,12.9,41477.0,2007,17187.0
702,7.8,48727.0,2007,17189.0
703,14.7,37783.0,2007,17191.0
704,14.1,39797.0,2007,17193.0
705,11.2,43920.0,2007,17195.0
706,5.9,71597.0,2007,17197.0
707,16.3,38914.0,2007,17199.0
708,13.8,48394.0,2007,17201.0
709,5.9,62349.0,2007,17203.0
711,12.5,46601.0,2007,18001.0
712,10.9,47947.0,2007,18003.0
713,10.9,53395.0,2007,18005.0
714,10.2,44637.0,2007,18007.0
715,12.6,40996.0,2007,18009.0
716,6.6,65106.0,2007,18011.0
717,10.3,52038.0,2007,18013.0
718,9.1,48013.0,2007,18015.0
719,11.6,43794.0,2007,18017.0
720,10.3,45450.0,2007,18019.0
721,10.8,42755.0,2007,18021.0
722,11.2,46258.0,2007,18023.0
723,16.6,37942.0,2007,18025.0
724,15.0,41174.0,2007,18027.0
725,7.2,56660.0,2007,18029.0
726,10.0,45711.0,2007,18031.0
727,8.8,49051.0,2007,18033.0
728,18.0,38501.0,2007,18035.0
729,8.8,54404.0,2007,18037.0
730,11.1,49395.0,2007,18039.0
731,14.2,39948.0,2007,18041.0
732,10.8,52734.0,2007,18043.0
733,12.2,42847.0,2007,18045.0
734,9.3,51541.0,2007,18047.0
735,10.8,45944.0,2007,18049.0
736,10.5,47197.0,2007,18051.0
737,17.4,37131.0,2007,18053.0
738,13.3,41419.0,2007,18055.0
739,3.9,83059.0,2007,18057.0
740,4.8,65421.0,2007,18059.0
741,9.7,50418.0,2007,18061.0
742,5.0,66432.0,2007,18063.0
743,10.3,42306.0,2007,18065.0
744,13.0,45569.0,2007,18067.0
745,9.6,46756.0,2007,18069.0
746,11.8,44935.0,2007,18071.0
747,8.2,49945.0,2007,18073.0
748,10.8,40623.0,2007,18075.0
749,12.9,45106.0,2007,18077.0
750,11.9,42634.0,2007,18079.0
751,7.0,60381.0,2007,18081.0
752,17.1,40042.0,2007,18083.0
753,8.6,50815.0,2007,18085.0
754,9.0,50487.0,2007,18087.0
755,15.0,47998.0,2007,18089.0
756,13.6,44620.0,2007,18091.0
757,13.8,42018.0,2007,18093.0
758,13.6,43094.0,2007,18095.0
759,15.6,45160.0,2007,18097.0
760,9.4,50647.0,2007,18099.0
761,12.3,43574.0,2007,18101.0
762,12.1,44636.0,2007,18103.0
763,26.0,39563.0,2007,18105.0
764,10.4,48453.0,2007,18107.0
765,8.7,53617.0,2007,18109.0
766,9.3,45107.0,2007,18111.0
767,10.1,46924.0,2007,18113.0
768,9.1,48099.0,2007,18115.0
769,14.2,38036.0,2007,18117.0
770,13.1,42291.0,2007,18119.0
771,16.6,37932.0,2007,18121.0
772,12.1,42711.0,2007,18123.0
773,10.1,38325.0,2007,18125.0
774,9.1,59992.0,2007,18127.0
775,7.8,55562.0,2007,18129.0
776,11.7,42651.0,2007,18131.0
777,11.5,48290.0,2007,18133.0
778,11.3,40071.0,2007,18135.0
779,10.7,49651.0,2007,18137.0
780,11.6,45246.0,2007,18139.0
781,13.4,44706.0,2007,18141.0
782,16.5,39451.0,2007,18143.0
783,9.8,48708.0,2007,18145.0
784,9.2,52269.0,2007,18147.0
785,14.6,40838.0,2007,18149.0
786,11.6,46628.0,2007,18151.0
787,13.7,40957.0,2007,18153.0
788,14.4,42987.0,2007,18155.0
789,19.0,42325.0,2007,18157.0
790,7.9,54536.0,2007,18159.0
791,11.7,41103.0,2007,18161.0
792,13.9,42512.0,2007,18163.0
793,10.7,43637.0,2007,18165.0
794,16.9,37381.0,2007,18167.0
795,9.8,45522.0,2007,18169.0
796,8.3,49596.0,2007,18171.0
797,6.4,60748.0,2007,18173.0
798,14.7,37288.0,2007,18175.0
799,14.9,39239.0,2007,18177.0
800,8.5,45662.0,2007,18179.0
801,9.4,44881.0,2007,18181.0
802,7.0,57903.0,2007,18183.0
804,11.3,45478.0,2007,19001.0
805,10.8,37307.0,2007,19003.0
806,10.2,40272.0,2007,19005.0
807,18.5,34349.0,2007,19007.0
808,10.2,39422.0,2007,19009.0
809,7.2,54417.0,2007,19011.0
810,16.9,41965.0,2007,19013.0
811,10.7,49733.0,2007,19015.0
812,6.8,51838.0,2007,19017.0
813,10.3,47329.0,2007,19019.0
814,10.6,39858.0,2007,19021.0
815,9.7,45525.0,2007,19023.0
816,11.0,42152.0,2007,19025.0
817,8.6,47285.0,2007,19027.0
818,13.0,39215.0,2007,19029.0
819,7.4,52237.0,2007,19031.0
820,11.4,45039.0,2007,19033.0
821,8.3,42913.0,2007,19035.0
822,8.0,42630.0,2007,19037.0
823,11.4,42879.0,2007,19039.0
824,10.2,43438.0,2007,19041.0
825,10.9,41407.0,2007,19043.0
826,11.5,42889.0,2007,19045.0
827,11.3,41713.0,2007,19047.0
828,5.3,65917.0,2007,19049.0
829,12.9,40792.0,2007,19051.0
830,19.3,31964.0,2007,19053.0
831,9.9,43529.0,2007,19055.0
832,13.1,41553.0,2007,19057.0
833,7.3,47733.0,2007,19059.0
834,8.8,46820.0,2007,19061.0
835,11.0,39717.0,2007,19063.0
836,11.9,39567.0,2007,19065.0
837,12.1,43541.0,2007,19067.0
838,10.1,44186.0,2007,19069.0
839,11.4,46741.0,2007,19071.0
840,10.3,41823.0,2007,19073.0
841,6.0,51745.0,2007,19075.0
842,9.0,47685.0,2007,19077.0
843,8.4,47603.0,2007,19079.0
844,8.4,46563.0,2007,19081.0
845,9.6,44474.0,2007,19083.0
846,10.2,47193.0,2007,19085.0
847,11.8,43867.0,2007,19087.0
848,12.0,43408.0,2007,19089.0
849,9.5,44788.0,2007,19091.0
850,9.4,44366.0,2007,19093.0
851,6.2,52444.0,2007,19095.0
852,10.8,41948.0,2007,19097.0
853,8.8,47834.0,2007,19099.0
854,12.2,39900.0,2007,19101.0
855,15.5,51587.0,2007,19103.0
856,10.0,44657.0,2007,19105.0
857,12.1,42501.0,2007,19107.0
858,9.0,45953.0,2007,19109.0
859,13.7,40048.0,2007,19111.0
860,9.9,53076.0,2007,19113.0
861,10.6,47339.0,2007,19115.0
862,13.9,38997.0,2007,19117.0
863,7.0,48878.0,2007,19119.0
864,7.4,55396.0,2007,19121.0
865,13.5,44234.0,2007,19123.0
866,10.0,54247.0,2007,19125.0
867,14.1,45565.0,2007,19127.0
868,12.6,51367.0,2007,19129.0
869,9.0,43506.0,2007,19131.0
870,13.4,38362.0,2007,19133.0
871,10.4,41456.0,2007,19135.0
872,11.1,41225.0,2007,19137.0
873,10.7,51826.0,2007,19139.0
874,8.4,44359.0,2007,19141.0
875,8.3,39750.0,2007,19143.0
876,12.2,42029.0,2007,19145.0
877,9.9,42736.0,2007,19147.0
878,6.4,50250.0,2007,19149.0
879,11.2,40968.0,2007,19151.0
880,9.4,54377.0,2007,19153.0
881,10.9,48467.0,2007,19155.0
882,10.6,48674.0,2007,19157.0
883,14.0,35695.0,2007,19159.0
884,10.6,38737.0,2007,19161.0
885,11.4,48373.0,2007,19163.0
886,9.5,45568.0,2007,19165.0
887,7.0,53006.0,2007,19167.0
888,14.4,49104.0,2007,19169.0
889,10.8,44734.0,2007,19171.0
890,11.1,38920.0,2007,19173.0
891,13.3,40704.0,2007,19175.0
892,13.3,38855.0,2007,19177.0
893,17.7,38375.0,2007,19179.0
894,6.9,61688.0,2007,19181.0
895,8.2,50265.0,2007,19183.0
896,15.6,34223.0,2007,19185.0
897,13.3,42864.0,2007,19187.0
898,9.3,46340.0,2007,19189.0
899,10.4,46946.0,2007,19191.0
900,14.3,44494.0,2007,19193.0
901,9.0,44391.0,2007,19195.0
902,11.1,43560.0,2007,19197.0
904,15.9,36702.0,2007,20001.0
905,12.3,40330.0,2007,20003.0
906,14.3,39743.0,2007,20005.0
907,11.6,40389.0,2007,20007.0
908,12.4,40454.0,2007,20009.0
909,16.3,37672.0,2007,20011.0
910,12.1,38398.0,2007,20013.0
911,7.9,56372.0,2007,20015.0
912,10.4,39898.0,2007,20017.0
913,13.6,33140.0,2007,20019.0
914,13.0,38226.0,2007,20021.0
915,10.3,32477.0,2007,20023.0
916,12.1,39336.0,2007,20025.0
917,9.5,42035.0,2007,20027.0
918,13.1,35841.0,2007,20029.0
919,9.0,46571.0,2007,20031.0
920,9.9,35281.0,2007,20033.0
921,14.7,38145.0,2007,20035.0
922,15.6,35112.0,2007,20037.0
923,11.4,34873.0,2007,20039.0
924,8.6,45131.0,2007,20041.0
925,12.4,41417.0,2007,20043.0
926,15.4,44580.0,2007,20045.0
927,11.9,36876.0,2007,20047.0
928,17.3,31468.0,2007,20049.0
929,12.6,43354.0,2007,20051.0
930,9.7,41775.0,2007,20053.0
931,15.4,51658.0,2007,20055.0
932,12.7,45075.0,2007,20057.0
933,9.7,47634.0,2007,20059.0
934,11.6,40606.0,2007,20061.0
935,9.9,37717.0,2007,20063.0
936,11.7,36972.0,2007,20065.0
937,10.8,50506.0,2007,20067.0
938,8.1,50370.0,2007,20069.0
939,10.3,39966.0,2007,20071.0
940,13.6,33714.0,2007,20073.0
941,12.2,37501.0,2007,20075.0
942,12.3,39367.0,2007,20077.0
943,8.4,46051.0,2007,20079.0
944,11.0,46383.0,2007,20081.0
945,10.3,41458.0,2007,20083.0
946,10.5,47899.0,2007,20085.0
947,7.7,52385.0,2007,20087.0
948,12.5,35440.0,2007,20089.0
949,4.3,71961.0,2007,20091.0
950,11.3,46208.0,2007,20093.0
951,10.8,44859.0,2007,20095.0
952,11.6,36699.0,2007,20097.0
953,14.6,36569.0,2007,20099.0
954,9.9,43873.0,2007,20101.0
955,8.2,58850.0,2007,20103.0
956,11.2,36490.0,2007,20105.0
957,11.8,41251.0,2007,20107.0
958,9.7,38708.0,2007,20109.0
959,20.2,38407.0,2007,20111.0
960,8.0,51464.0,2007,20113.0
961,10.2,41268.0,2007,20115.0
962,9.1,40964.0,2007,20117.0
963,10.7,44142.0,2007,20119.0
964,7.3,59153.0,2007,20121.0
965,11.0,40231.0,2007,20123.0
966,14.5,37300.0,2007,20125.0
967,10.0,37227.0,2007,20127.0
968,10.9,46371.0,2007,20129.0
969,8.2,43405.0,2007,20131.0
970,14.3,36848.0,2007,20133.0
971,9.1,46036.0,2007,20135.0
972,12.2,36579.0,2007,20137.0
973,10.9,44829.0,2007,20139.0
974,12.5,33038.0,2007,20141.0
975,9.4,42993.0,2007,20143.0
976,13.2,40481.0,2007,20145.0
977,10.9,41735.0,2007,20147.0
978,8.0,50282.0,2007,20149.0
979,10.9,42909.0,2007,20151.0
980,12.6,36013.0,2007,20153.0
981,12.6,40418.0,2007,20155.0
982,10.8,36226.0,2007,20157.0
983,11.2,43834.0,2007,20159.0
984,19.0,38864.0,2007,20161.0
985,11.5,36657.0,2007,20163.0
986,12.3,36257.0,2007,20165.0
987,13.7,35549.0,2007,20167.0
988,10.0,42557.0,2007,20169.0
989,7.8,47876.0,2007,20171.0
990,13.0,47326.0,2007,20173.0
991,14.9,39348.0,2007,20175.0
992,11.9,46696.0,2007,20177.0
993,12.6,39157.0,2007,20179.0
994,15.0,35894.0,2007,20181.0
995,11.9,35054.0,2007,20183.0
996,11.9,36543.0,2007,20185.0
997,12.1,46642.0,2007,20187.0
998,9.7,49856.0,2007,20189.0
999,11.6,46707.0,2007,20191.0
1000,10.8,43373.0,2007,20193.0
1001,12.1,35708.0,2007,20195.0
1002,8.0,48438.0,2007,20197.0
1003,14.1,37888.0,2007,20199.0
1004,11.4,36707.0,2007,20201.0
1005,12.2,41928.0,2007,20203.0
1006,13.4,36824.0,2007,20205.0
1007,14.4,30223.0,2007,20207.0
1008,19.5,37501.0,2007,20209.0
1010,21.4,32643.0,2007,21001.0
1011,18.1,36283.0,2007,21003.0
1012,9.3,54819.0,2007,21005.0
1013,15.9,39118.0,2007,21007.0
1014,17.8,38817.0,2007,21009.0
1015,23.9,31740.0,2007,21011.0
1016,28.8,23528.0,2007,21013.0
1017,6.2,66690.0,2007,21015.0
1018,16.1,41819.0,2007,21017.0
1019,16.4,39640.0,2007,21019.0
1020,15.9,41739.0,2007,21021.0
1021,15.4,41581.0,2007,21023.0
1022,30.0,25577.0,2007,21025.0
1023,17.2,36621.0,2007,21027.0
1024,9.9,49861.0,2007,21029.0
1025,18.2,35676.0,2007,21031.0
1026,17.8,38009.0,2007,21033.0
1027,17.5,36262.0,2007,21035.0
1028,10.0,51383.0,2007,21037.0
1029,15.7,36151.0,2007,21039.0
1030,15.2,42058.0,2007,21041.0
1031,19.3,32281.0,2007,21043.0
1032,23.6,27366.0,2007,21045.0
1033,19.0,37632.0,2007,21047.0
1034,14.8,46190.0,2007,21049.0
1035,41.9,20999.0,2007,21051.0
1036,24.1,25677.0,2007,21053.0
1037,20.1,33804.0,2007,21055.0
1038,24.0,26584.0,2007,21057.0
1039,15.3,42586.0,2007,21059.0
1040,17.3,34449.0,2007,21061.0
1041,27.4,27215.0,2007,21063.0
1042,26.3,28797.0,2007,21065.0
1043,15.9,46726.0,2007,21067.0
1044,19.4,33815.0,2007,21069.0
1045,32.9,26293.0,2007,21071.0
1046,13.6,48025.0,2007,21073.0
1047,29.4,28749.0,2007,21075.0
1048,15.3,42143.0,2007,21077.0
1049,16.8,40653.0,2007,21079.0
1050,15.6,42126.0,2007,21081.0
1051,16.5,36345.0,2007,21083.0
1052,19.7,32905.0,2007,21085.0
1053,17.2,31546.0,2007,21087.0
1054,15.2,40642.0,2007,21089.0
1055,13.7,47558.0,2007,21091.0
1056,11.2,47958.0,2007,21093.0
1057,29.3,25939.0,2007,21095.0
1058,14.2,41423.0,2007,21097.0
1059,23.3,30604.0,2007,21099.0
1060,12.7,41692.0,2007,21101.0
1061,14.6,44209.0,2007,21103.0
1062,18.1,37001.0,2007,21105.0
1063,18.2,36611.0,2007,21107.0
1064,34.1,25653.0,2007,21109.0
1065,14.6,43677.0,2007,21111.0
1066,14.0,47324.0,2007,21113.0
1067,24.4,32706.0,2007,21115.0
1068,12.9,50734.0,2007,21117.0
1069,31.7,27999.0,2007,21119.0
1070,31.1,24881.0,2007,21121.0
1071,15.1,39435.0,2007,21123.0
1072,22.0,33244.0,2007,21125.0
1073,25.3,29399.0,2007,21127.0
1074,34.9,24617.0,2007,21129.0
1075,31.0,26114.0,2007,21131.0
1076,27.0,29415.0,2007,21133.0
1077,28.9,26534.0,2007,21135.0
1078,20.3,32566.0,2007,21137.0
1079,13.5,38732.0,2007,21139.0
1080,16.4,38323.0,2007,21141.0
1081,15.0,40082.0,2007,21143.0
1082,14.6,40899.0,2007,21145.0
1083,35.5,24293.0,2007,21147.0
1084,16.0,37866.0,2007,21149.0
1085,18.7,39842.0,2007,21151.0
1086,31.6,26150.0,2007,21153.0
1087,17.8,38048.0,2007,21155.0
1088,12.5,41497.0,2007,21157.0
1089,35.8,25841.0,2007,21159.0
1090,19.1,38035.0,2007,21161.0
1091,14.4,45490.0,2007,21163.0
1092,27.2,28928.0,2007,21165.0
1093,12.9,49529.0,2007,21167.0
1094,23.8,30827.0,2007,21169.0
1095,25.2,28266.0,2007,21171.0
1096,19.3,38870.0,2007,21173.0
1097,27.1,28514.0,2007,21175.0
1098,20.0,34580.0,2007,21177.0
1099,11.3,46605.0,2007,21179.0
1100,19.4,36080.0,2007,21181.0
1101,19.4,38710.0,2007,21183.0
1102,6.0,73632.0,2007,21185.0
1103,15.3,41246.0,2007,21187.0
1104,44.4,21189.0,2007,21189.0
1105,15.3,43822.0,2007,21191.0
1106,31.4,30089.0,2007,21193.0
1107,20.8,32382.0,2007,21195.0
1108,25.6,31228.0,2007,21197.0
1109,21.7,32368.0,2007,21199.0
1110,22.3,34719.0,2007,21201.0
1111,26.8,29235.0,2007,21203.0
1112,24.5,34278.0,2007,21205.0
1113,22.3,28342.0,2007,21207.0
1114,9.4,57895.0,2007,21209.0
1115,13.3,52871.0,2007,21211.0
1116,13.9,43432.0,2007,21213.0
1117,7.9,59939.0,2007,21215.0
1118,17.1,35012.0,2007,21217.0
1119,18.7,39375.0,2007,21219.0
1120,17.0,41286.0,2007,21221.0
1121,14.5,43994.0,2007,21223.0
1122,23.1,40711.0,2007,21225.0
1123,18.0,42303.0,2007,21227.0
1124,14.6,40614.0,2007,21229.0
1125,27.0,28154.0,2007,21231.0
1126,13.2,39923.0,2007,21233.0
1127,27.7,27424.0,2007,21235.0
1128,36.7,24749.0,2007,21237.0
1129,10.6,56840.0,2007,21239.0
1131,23.5,33098.0,2007,22001.0
1132,21.6,34958.0,2007,22003.0
1133,12.2,56720.0,2007,22005.0
1134,21.9,39643.0,2007,22007.0
1135,26.7,29239.0,2007,22009.0
1136,15.9,40592.0,2007,22011.0
1137,25.5,29728.0,2007,22013.0
1138,15.0,47539.0,2007,22015.0
1139,22.9,35547.0,2007,22017.0
1140,17.5,42018.0,2007,22019.0
1141,19.9,33250.0,2007,22021.0
1142,14.1,40460.0,2007,22023.0
1143,30.0,30003.0,2007,22025.0
1144,28.9,31393.0,2007,22027.0
1145,30.1,28595.0,2007,22029.0
1146,19.9,35058.0,2007,22031.0
1147,18.1,42173.0,2007,22033.0
1148,38.6,23888.0,2007,22035.0
1149,22.5,35960.0,2007,22037.0
1150,26.4,28629.0,2007,22039.0
1151,29.1,28282.0,2007,22041.0
1152,18.9,37473.0,2007,22043.0
1153,20.2,39268.0,2007,22045.0
1154,20.0,37483.0,2007,22047.0
1155,17.7,35137.0,2007,22049.0
1156,14.6,47366.0,2007,22051.0
1157,18.6,36185.0,2007,22053.0
1158,15.2,44568.0,2007,22055.0
1159,17.2,41706.0,2007,22057.0
1160,18.4,36307.0,2007,22059.0
1161,23.9,31767.0,2007,22061.0
1162,10.8,53259.0,2007,22063.0
1163,33.3,25855.0,2007,22065.0
1164,31.0,28847.0,2007,22067.0
1165,28.8,30227.0,2007,22069.0
1166,21.8,37348.0,2007,22071.0
1167,20.8,37147.0,2007,22073.0
1168,16.3,44896.0,2007,22075.0
1169,21.4,38131.0,2007,22077.0
1170,19.8,36938.0,2007,22079.0
1171,23.2,29651.0,2007,22081.0
1172,24.2,29394.0,2007,22083.0
1173,19.3,35126.0,2007,22085.0
1174,18.9,33093.0,2007,22087.0
1175,10.8,54998.0,2007,22089.0
1176,21.9,32113.0,2007,22091.0
1177,17.1,44195.0,2007,22093.0
1178,16.9,43752.0,2007,22095.0
1179,30.5,28472.0,2007,22097.0
1180,17.0,38271.0,2007,22099.0
1181,22.4,36109.0,2007,22101.0
1182,11.2,58891.0,2007,22103.0
1183,22.9,34132.0,2007,22105.0
1184,37.0,22264.0,2007,22107.0
1185,17.7,44235.0,2007,22109.0
1186,18.8,34172.0,2007,22111.0
1187,20.5,37556.0,2007,22113.0
1188,16.6,41605.0,2007,22115.0
1189,25.5,30160.0,2007,22117.0
1190,20.5,34207.0,2007,22119.0
1191,16.9,43020.0,2007,22121.0
1192,25.5,28781.0,2007,22123.0
1193,22.5,47714.0,2007,22125.0
1194,26.2,32371.0,2007,22127.0
1196,14.1,45254.0,2007,23001.0
1197,17.4,35438.0,2007,23003.0
1198,9.7,54992.0,2007,23005.0
1199,16.0,39929.0,2007,23007.0
1200,9.9,44632.0,2007,23009.0
1201,13.0,43913.0,2007,23011.0
1202,10.6,44619.0,2007,23013.0
1203,10.8,45816.0,2007,23015.0
1204,14.4,38359.0,2007,23017.0
1205,13.5,41348.0,2007,23019.0
1206,16.5,32989.0,2007,23021.0
1207,9.2,52375.0,2007,23023.0
1208,17.2,35683.0,2007,23025.0
1209,14.5,40441.0,2007,23027.0
1210,20.1,32624.0,2007,23029.0
1211,8.2,52365.0,2007,23031.0
1213,14.2,37171.0,2007,24001.0
1214,5.0,80158.0,2007,24003.0
1215,7.6,60828.0,2007,24005.0
1216,5.2,89159.0,2007,24009.0
1217,11.7,48387.0,2007,24011.0
1218,4.7,79803.0,2007,24013.0
1219,9.3,62489.0,2007,24015.0
1220,5.9,81545.0,2007,24017.0
1221,13.7,42077.0,2007,24019.0
1222,5.3,76802.0,2007,24021.0
1223,12.9,42041.0,2007,24023.0
1224,5.6,72092.0,2007,24025.0
1225,4.5,100744.0,2007,24027.0
1226,12.7,46693.0,2007,24029.0
1227,5.1,91440.0,2007,24031.0
1228,8.1,67706.0,2007,24033.0
1229,6.1,75902.0,2007,24035.0
1230,7.7,72534.0,2007,24037.0
1231,23.0,35553.0,2007,24039.0
1232,8.3,56512.0,2007,24041.0
1233,10.5,50257.0,2007,24043.0
1234,13.2,49981.0,2007,24045.0
1235,9.2,49067.0,2007,24047.0
1236,19.9,36894.0,2007,24510.0
1238,6.6,59365.0,2007,25001.0
1239,10.8,47136.0,2007,25003.0
1240,9.3,54635.0,2007,25005.0
1241,6.8,57553.0,2007,25007.0
1242,10.4,61395.0,2007,25009.0
1243,10.5,51252.0,2007,25011.0
1244,16.4,45858.0,2007,25013.0
1245,11.6,55340.0,2007,25015.0
1246,6.9,74558.0,2007,25017.0
1247,5.3,66782.0,2007,25019.0
1248,6.4,78976.0,2007,25021.0
1249,6.5,70606.0,2007,25023.0
1250,19.3,49853.0,2007,25025.0
1251,9.5,61791.0,2007,25027.0
1253,13.5,34121.0,2007,26001.0
1254,12.5,39076.0,2007,26003.0
1255,10.7,51233.0,2007,26005.0
1256,15.5,37508.0,2007,26007.0
1257,12.0,43099.0,2007,26009.0
1258,17.3,36770.0,2007,26011.0
1259,15.4,38949.0,2007,26013.0
1260,8.4,51811.0,2007,26015.0
1261,11.7,42688.0,2007,26017.0
1262,9.7,41198.0,2007,26019.0
1263,15.4,42338.0,2007,26021.0
1264,14.0,42531.0,2007,26023.0
1265,16.8,41580.0,2007,26025.0
1266,12.8,42126.0,2007,26027.0
1267,9.7,48829.0,2007,26029.0
1268,14.9,38335.0,2007,26031.0
1269,16.5,39171.0,2007,26033.0
1270,20.1,33639.0,2007,26035.0
1271,7.1,59622.0,2007,26037.0
1272,14.7,35979.0,2007,26039.0
1273,12.3,41312.0,2007,26041.0
1274,11.1,41368.0,2007,26043.0
1275,8.4,51873.0,2007,26045.0
1276,9.4,47321.0,2007,26047.0
1277,16.8,43518.0,2007,26049.0
1278,17.6,35152.0,2007,26051.0
1279,16.7,33742.0,2007,26053.0
1280,8.8,47747.0,2007,26055.0
1281,15.2,41497.0,2007,26057.0
1282,13.7,43099.0,2007,26059.0
1283,19.0,34822.0,2007,26061.0
1284,12.7,38687.0,2007,26063.0
1285,18.1,45415.0,2007,26065.0
1286,14.5,48795.0,2007,26067.0
1287,15.7,35724.0,2007,26069.0
1288,14.5,33481.0,2007,26071.0
1289,23.9,39261.0,2007,26073.0
1290,14.4,44436.0,2007,26075.0
1291,16.2,44324.0,2007,26077.0
1292,14.0,39739.0,2007,26079.0
1293,13.1,49703.0,2007,26081.0
1294,13.1,35903.0,2007,26083.0
1295,20.3,31195.0,2007,26085.0
1296,8.7,57628.0,2007,26087.0
1297,7.5,55292.0,2007,26089.0
1298,10.6,50997.0,2007,26091.0
1299,5.5,72700.0,2007,26093.0
1300,18.8,37718.0,2007,26095.0
1301,12.1,38506.0,2007,26097.0
1302,8.3,55265.0,2007,26099.0
1303,14.1,38949.0,2007,26101.0
1304,13.6,45536.0,2007,26103.0
1305,15.1,38341.0,2007,26105.0
1306,22.0,37301.0,2007,26107.0
1307,14.0,41616.0,2007,26109.0
1308,10.4,51383.0,2007,26111.0
1309,13.6,39539.0,2007,26113.0
1310,7.8,54813.0,2007,26115.0
1311,17.8,40145.0,2007,26117.0
1312,15.9,33620.0,2007,26119.0
1313,15.7,40110.0,2007,26121.0
1314,15.3,43558.0,2007,26123.0
1315,8.6,66641.0,2007,26125.0
1316,18.8,38550.0,2007,26127.0
1317,16.2,34726.0,2007,26129.0
1318,12.8,34220.0,2007,26131.0
1319,16.4,37996.0,2007,26133.0
1320,21.6,31385.0,2007,26135.0
1321,12.9,44591.0,2007,26137.0
1322,7.1,55088.0,2007,26139.0
1323,13.9,39969.0,2007,26141.0
1324,20.5,31676.0,2007,26143.0
1325,17.0,42877.0,2007,26145.0
1326,11.9,48026.0,2007,26147.0
1327,14.6,42879.0,2007,26149.0
1328,13.2,40541.0,2007,26151.0
1329,14.5,36842.0,2007,26153.0
1330,13.5,44885.0,2007,26155.0
1331,13.1,42981.0,2007,26157.0
1332,16.8,44832.0,2007,26159.0
1333,12.7,61152.0,2007,26161.0
1334,20.8,42529.0,2007,26163.0
1335,15.6,40098.0,2007,26165.0
1337,13.4,38610.0,2007,27001.0
1338,6.4,65832.0,2007,27003.0
1339,12.1,43419.0,2007,27005.0
1340,17.0,41039.0,2007,27007.0
1341,8.7,48939.0,2007,27009.0
1342,11.8,39748.0,2007,27011.0
1343,12.3,49783.0,2007,27013.0
1344,8.7,46497.0,2007,27015.0
1345,9.8,49616.0,2007,27017.0
1346,3.9,80038.0,2007,27019.0
1347,13.4,38707.0,2007,27021.0
1348,10.3,42751.0,2007,27023.0
1349,5.9,66090.0,2007,27025.0
1350,13.0,50506.0,2007,27027.0
1351,16.4,34503.0,2007,27029.0
1352,8.4,44159.0,2007,27031.0
1353,10.7,40476.0,2007,27033.0
1354,9.3,42015.0,2007,27035.0
1355,5.4,74442.0,2007,27037.0
1356,6.6,61230.0,2007,27039.0
1357,10.6,44295.0,2007,27041.0
1358,11.1,41391.0,2007,27043.0
1359,10.8,43776.0,2007,27045.0
1360,8.7,41944.0,2007,27047.0
1361,7.9,55762.0,2007,27049.0
1362,11.8,39285.0,2007,27051.0
1363,10.6,60943.0,2007,27053.0
1364,8.4,47960.0,2007,27055.0
1365,11.4,42231.0,2007,27057.0
1366,7.6,56430.0,2007,27059.0
1367,9.8,43622.0,2007,27061.0
1368,9.8,43217.0,2007,27063.0
1369,11.3,45270.0,2007,27065.0
1370,11.0,46136.0,2007,27067.0
1371,9.9,39591.0,2007,27069.0
1372,13.2,41964.0,2007,27071.0
1373,10.6,40293.0,2007,27073.0
1374,8.5,46506.0,2007,27075.0
1375,11.2,40436.0,2007,27077.0
1376,7.5,55984.0,2007,27079.0
1377,12.5,38112.0,2007,27081.0
1378,11.3,47244.0,2007,27083.0
1379,6.2,57355.0,2007,27085.0
1380,19.0,35104.0,2007,27087.0
1381,10.3,45145.0,2007,27089.0
1382,10.2,42997.0,2007,27091.0
1383,9.3,49309.0,2007,27093.0
1384,9.5,43616.0,2007,27095.0
1385,10.4,45706.0,2007,27097.0
1386,11.4,44721.0,2007,27099.0
1387,8.3,44359.0,2007,27101.0
1388,9.2,58959.0,2007,27103.0
1389,15.0,42072.0,2007,27105.0
1390,13.2,38124.0,2007,27107.0
1391,8.4,60683.0,2007,27109.0
1392,11.3,40721.0,2007,27111.0
1393,11.3,41785.0,2007,27113.0
1394,12.3,43809.0,2007,27115.0
1395,11.5,36411.0,2007,27117.0
1396,15.7,43188.0,2007,27119.0
1397,9.1,43090.0,2007,27121.0
1398,13.5,51803.0,2007,27123.0
1399,11.1,40008.0,2007,27125.0
1400,9.0,46177.0,2007,27127.0
1401,9.5,45115.0,2007,27129.0
1402,7.7,55431.0,2007,27131.0
1403,8.8,45382.0,2007,27133.0
1404,8.2,48376.0,2007,27135.0
1405,14.9,42698.0,2007,27137.0
1406,4.2,79213.0,2007,27139.0
1407,5.0,67634.0,2007,27141.0
1408,9.0,49918.0,2007,27143.0
1409,11.7,51489.0,2007,27145.0
1410,7.1,53333.0,2007,27147.0
1411,13.4,44888.0,2007,27149.0
1412,11.7,40499.0,2007,27151.0
1413,13.5,39655.0,2007,27153.0
1414,11.3,42342.0,2007,27155.0
1415,8.5,49886.0,2007,27157.0
1416,14.9,35728.0,2007,27159.0
1417,8.5,49108.0,2007,27161.0
1418,4.7,78113.0,2007,27163.0
1419,9.1,43502.0,2007,27165.0
1420,8.9,45030.0,2007,27167.0
1421,11.5,44485.0,2007,27169.0
1422,5.0,67391.0,2007,27171.0
1423,11.1,44602.0,2007,27173.0
1425,33.3,28849.0,2007,28001.0
1426,17.7,34807.0,2007,28003.0
1427,22.3,31557.0,2007,28005.0
1428,23.6,29289.0,2007,28007.0
1429,21.7,29880.0,2007,28009.0
1430,39.5,26228.0,2007,28011.0
1431,23.3,28855.0,2007,28013.0
1432,20.2,30903.0,2007,28015.0
1433,20.1,30849.0,2007,28017.0
1434,25.3,31924.0,2007,28019.0
1435,35.2,26621.0,2007,28021.0
1436,20.3,30833.0,2007,28023.0
1437,25.1,31981.0,2007,28025.0
1438,32.2,26452.0,2007,28027.0
1439,22.4,32223.0,2007,28029.0
1440,22.3,32785.0,2007,28031.0
1441,7.9,58581.0,2007,28033.0
1442,25.2,32589.0,2007,28035.0
1443,20.8,31288.0,2007,28037.0
1444,16.6,42581.0,2007,28039.0
1445,22.0,35196.0,2007,28041.0
1446,23.7,31657.0,2007,28043.0
1447,17.3,38192.0,2007,28045.0
1448,15.6,40803.0,2007,28047.0
1449,23.2,38162.0,2007,28049.0
1450,41.7,22700.0,2007,28051.0
1451,41.0,22433.0,2007,28053.0
1452,49.3,24724.0,2007,28055.0
1453,14.5,37891.0,2007,28057.0
1454,14.8,43411.0,2007,28059.0
1455,19.2,30351.0,2007,28061.0
1456,35.2,23761.0,2007,28063.0
1457,29.0,26133.0,2007,28065.0
1458,21.7,34279.0,2007,28067.0
1459,25.9,27789.0,2007,28069.0
1460,18.9,38910.0,2007,28071.0
1461,12.7,47134.0,2007,28073.0
1462,23.2,32778.0,2007,28075.0
1463,18.4,34189.0,2007,28077.0
1464,20.5,32364.0,2007,28079.0
1465,15.4,42473.0,2007,28081.0
1466,42.4,24568.0,2007,28083.0
1467,18.4,36726.0,2007,28085.0
1468,21.3,35016.0,2007,28087.0
1469,12.7,59278.0,2007,28089.0
1470,23.6,30948.0,2007,28091.0
1471,22.5,32660.0,2007,28093.0
1472,18.4,35083.0,2007,28095.0
1473,22.9,30750.0,2007,28097.0
1474,22.5,31036.0,2007,28099.0
1475,17.2,35076.0,2007,28101.0
1476,32.8,24425.0,2007,28103.0
1477,31.4,31688.0,2007,28105.0
1478,28.5,32514.0,2007,28107.0
1479,19.0,37380.0,2007,28109.0
1480,19.4,35160.0,2007,28111.0
1481,27.0,27245.0,2007,28113.0
1482,16.2,38163.0,2007,28115.0
1483,17.9,32781.0,2007,28117.0
1484,36.5,24680.0,2007,28119.0
1485,9.4,53561.0,2007,28121.0
1486,20.5,32297.0,2007,28123.0
1487,37.6,25470.0,2007,28125.0
1488,21.7,32687.0,2007,28127.0
1489,19.1,35037.0,2007,28129.0
1490,17.9,39842.0,2007,28131.0
1491,38.5,26565.0,2007,28133.0
1492,29.3,26202.0,2007,28135.0
1493,15.8,40478.0,2007,28137.0
1494,19.5,31716.0,2007,28139.0
1495,17.8,33123.0,2007,28141.0
1496,25.4,29894.0,2007,28143.0
1497,14.4,37802.0,2007,28145.0
1498,25.6,28991.0,2007,28147.0
1499,19.2,40263.0,2007,28149.0
1500,32.0,28678.0,2007,28151.0
1501,23.3,32078.0,2007,28153.0
1502,19.8,33602.0,2007,28155.0
1503,37.9,24509.0,2007,28157.0
1504,21.5,33633.0,2007,28159.0
1505,24.8,31485.0,2007,28161.0
1506,30.0,29461.0,2007,28163.0
1508,24.6,31676.0,2007,29001.0
1509,8.4,48354.0,2007,29003.0
1510,14.0,38114.0,2007,29005.0
1511,19.1,37945.0,2007,29007.0
1512,17.3,34749.0,2007,29009.0
1513,17.2,35845.0,2007,29011.0
1514,15.9,37981.0,2007,29013.0
1515,18.6,31140.0,2007,29015.0
1516,15.8,35372.0,2007,29017.0
1517,16.0,44936.0,2007,29019.0
1518,15.2,39638.0,2007,29021.0
1519,18.7,32364.0,2007,29023.0
1520,14.5,37973.0,2007,29025.0
1521,12.4,45255.0,2007,29027.0
1522,13.5,42191.0,2007,29029.0
1523,12.8,45262.0,2007,29031.0
1524,16.0,36209.0,2007,29033.0
1525,23.7,26947.0,2007,29035.0
1526,7.5,61025.0,2007,29037.0
1527,20.0,32229.0,2007,29039.0
1528,13.5,37754.0,2007,29041.0
1529,10.4,47431.0,2007,29043.0
1530,14.2,35538.0,2007,29045.0
1531,7.1,58287.0,2007,29047.0
1532,9.3,49390.0,2007,29049.0
1533,10.9,49033.0,2007,29051.0
1534,12.7,42073.0,2007,29053.0
1535,18.2,34155.0,2007,29055.0
1536,16.4,33653.0,2007,29057.0
1537,15.3,32713.0,2007,29059.0
1538,16.6,35677.0,2007,29061.0
1539,16.0,44823.0,2007,29063.0
1540,19.4,32648.0,2007,29065.0
1541,19.4,30173.0,2007,29067.0
1542,21.8,30615.0,2007,29069.0
1543,9.5,50717.0,2007,29071.0
1544,11.4,40166.0,2007,29073.0
1545,12.1,35656.0,2007,29075.0
1546,13.7,41133.0,2007,29077.0
1547,17.8,32596.0,2007,29079.0
1548,17.5,33549.0,2007,29081.0
1549,16.8,34908.0,2007,29083.0
1550,19.1,28840.0,2007,29085.0
1551,14.6,35835.0,2007,29087.0
1552,16.0,40483.0,2007,29089.0
1553,20.7,31758.0,2007,29091.0
1554,20.2,30490.0,2007,29093.0
1555,15.0,44356.0,2007,29095.0
1556,16.8,37055.0,2007,29097.0
1557,9.1,56755.0,2007,29099.0
1558,15.2,44191.0,2007,29101.0
1559,17.7,35168.0,2007,29103.0
1560,14.7,37282.0,2007,29105.0
1561,13.1,43739.0,2007,29107.0
1562,18.3,36903.0,2007,29109.0
1563,17.6,36970.0,2007,29111.0
1564,9.4,54938.0,2007,29113.0
1565,17.3,33485.0,2007,29115.0
1566,17.6,37266.0,2007,29117.0
1567,19.0,33445.0,2007,29119.0
1568,13.5,35480.0,2007,29121.0
1569,16.5,31312.0,2007,29123.0
1570,15.4,36693.0,2007,29125.0
1571,13.8,37592.0,2007,29127.0
1572,15.3,34133.0,2007,29129.0
1573,15.7,36501.0,2007,29131.0
1574,28.6,27670.0,2007,29133.0
1575,13.2,43726.0,2007,29135.0
1576,13.8,36474.0,2007,29137.0
1577,14.8,40298.0,2007,29139.0
1578,18.3,36367.0,2007,29141.0
1579,26.3,32039.0,2007,29143.0
1580,16.8,40999.0,2007,29145.0
1581,16.8,38460.0,2007,29147.0
1582,25.0,27473.0,2007,29149.0
1583,10.2,46542.0,2007,29151.0
1584,22.0,29663.0,2007,29153.0
1585,31.2,26312.0,2007,29155.0
1586,10.5,44053.0,2007,29157.0
1587,13.3,36899.0,2007,29159.0
1588,16.5,36318.0,2007,29161.0
1589,18.2,40079.0,2007,29163.0
1590,6.2,64387.0,2007,29165.0
1591,17.3,35160.0,2007,29167.0
1592,13.9,42011.0,2007,29169.0
1593,18.6,30791.0,2007,29171.0
1594,10.8,42081.0,2007,29173.0
1595,16.9,36556.0,2007,29175.0
1596,9.0,50761.0,2007,29177.0
1597,22.1,29820.0,2007,29179.0
1598,23.9,27961.0,2007,29181.0
1599,4.6,67611.0,2007,29183.0
1600,21.7,30283.0,2007,29185.0
1601,11.4,47393.0,2007,29186.0
1602,16.4,36849.0,2007,29187.0
1603,8.6,56864.0,2007,29189.0
1604,17.1,37265.0,2007,29195.0
1605,18.5,31250.0,2007,29197.0
1606,17.8,32677.0,2007,29199.0
1607,16.2,36970.0,2007,29201.0
1608,25.8,25322.0,2007,29203.0
1609,16.4,34060.0,2007,29205.0
1610,19.2,32337.0,2007,29207.0
1611,14.5,39630.0,2007,29209.0
1612,18.6,32936.0,2007,29211.0
1613,13.0,37468.0,2007,29213.0
1614,21.1,29587.0,2007,29215.0
1615,18.9,34320.0,2007,29217.0
1616,9.7,50986.0,2007,29219.0
1617,21.7,33197.0,2007,29221.0
1618,23.5,27931.0,2007,29223.0
1619,16.8,38319.0,2007,29225.0
1620,16.7,34017.0,2007,29227.0
1621,24.8,28332.0,2007,29229.0
1622,23.0,33698.0,2007,29510.0
1624,16.4,38427.0,2007,30001.0
1625,26.4,33004.0,2007,30003.0
1626,24.1,32331.0,2007,30005.0
1627,12.0,41121.0,2007,30007.0
1628,11.0,42454.0,2007,30009.0
1629,13.0,29464.0,2007,30011.0
1630,14.0,41999.0,2007,30013.0
1631,18.1,37229.0,2007,30015.0
1632,14.3,36296.0,2007,30017.0
1633,12.8,33137.0,2007,30019.0
1634,12.2,43678.0,2007,30021.0
1635,19.6,32102.0,2007,30023.0
1636,9.3,42408.0,2007,30025.0
1637,15.2,37259.0,2007,30027.0
1638,12.5,45122.0,2007,30029.0
1639,12.1,50511.0,2007,30031.0
1640,13.5,32694.0,2007,30033.0
1641,26.6,36054.0,2007,30035.0
1642,22.0,32077.0,2007,30037.0
1643,14.1,35436.0,2007,30039.0
1644,19.1,39155.0,2007,30041.0
1645,11.1,54719.0,2007,30043.0
1646,15.7,35732.0,2007,30045.0
1647,21.3,34732.0,2007,30047.0
1648,10.5,46647.0,2007,30049.0
1649,16.1,36391.0,2007,30051.0
1650,17.5,33680.0,2007,30053.0
1651,11.8,38535.0,2007,30055.0
1652,11.2,40949.0,2007,30057.0
1653,16.1,33305.0,2007,30059.0
1654,17.2,34314.0,2007,30061.0
1655,16.3,42598.0,2007,30063.0
1656,19.0,32919.0,2007,30065.0
1657,11.4,40173.0,2007,30067.0
1658,18.8,28254.0,2007,30069.0
1659,16.7,33798.0,2007,30071.0
1660,18.4,35300.0,2007,30073.0
1661,13.9,31461.0,2007,30075.0
1662,16.3,37027.0,2007,30077.0
1663,13.1,32857.0,2007,30079.0
1664,12.4,42450.0,2007,30081.0
1665,11.3,49168.0,2007,30083.0
1666,30.3,29744.0,2007,30085.0
1667,19.0,44948.0,2007,30087.0
1668,16.4,31932.0,2007,30089.0
1669,13.9,35395.0,2007,30091.0
1670,15.3,40053.0,2007,30093.0
1671,9.7,51722.0,2007,30095.0
1672,9.4,42229.0,2007,30097.0
1673,12.9,38290.0,2007,30099.0
1674,14.4,37959.0,2007,30101.0
1675,13.3,36193.0,2007,30103.0
1676,14.8,37019.0,2007,30105.0
1677,19.0,28654.0,2007,30107.0
1678,13.0,35045.0,2007,30109.0
1679,9.7,47947.0,2007,30111.0
1681,11.6,41503.0,2007,31001.0
1682,14.1,36761.0,2007,31003.0
1683,11.3,34241.0,2007,31005.0
1684,13.5,37746.0,2007,31007.0
1685,17.6,30647.0,2007,31009.0
1686,9.5,37466.0,2007,31011.0
1687,12.9,47560.0,2007,31013.0
1688,13.8,29358.0,2007,31015.0
1689,12.7,34337.0,2007,31017.0
1690,10.6,46786.0,2007,31019.0
1691,11.8,40005.0,2007,31021.0
1692,9.3,42679.0,2007,31023.0
1693,6.4,57090.0,2007,31025.0
1694,9.2,42402.0,2007,31027.0
1695,10.4,39845.0,2007,31029.0
1696,12.6,35901.0,2007,31031.0
1697,10.6,45007.0,2007,31033.0
1698,10.5,41731.0,2007,31035.0
1699,10.9,42057.0,2007,31037.0
1700,9.3,41788.0,2007,31039.0
1701,12.4,38706.0,2007,31041.0
1702,11.8,44002.0,2007,31043.0
1703,18.2,34759.0,2007,31045.0
1704,11.6,41447.0,2007,31047.0
1705,11.1,38318.0,2007,31049.0
1706,10.3,39797.0,2007,31051.0
1707,12.6,42320.0,2007,31053.0
1708,12.0,50941.0,2007,31055.0
1709,15.4,32494.0,2007,31057.0
1710,11.7,41162.0,2007,31059.0
1711,14.5,34614.0,2007,31061.0
1712,13.6,38593.0,2007,31063.0
1713,14.5,35696.0,2007,31065.0
1714,11.6,42874.0,2007,31067.0
1715,15.6,32036.0,2007,31069.0
1716,14.2,32967.0,2007,31071.0
1717,8.8,43940.0,2007,31073.0
1718,10.9,36829.0,2007,31075.0
1719,14.3,34812.0,2007,31077.0
1720,11.5,43686.0,2007,31079.0
1721,8.0,49655.0,2007,31081.0
1722,13.0,36490.0,2007,31083.0
1723,14.9,33607.0,2007,31085.0
1724,14.5,33548.0,2007,31087.0
1725,13.6,37354.0,2007,31089.0
1726,9.2,36340.0,2007,31091.0
1727,11.5,41778.0,2007,31093.0
1728,10.8,39914.0,2007,31095.0
1729,11.1,42270.0,2007,31097.0
1730,9.8,46644.0,2007,31099.0
1731,11.6,36968.0,2007,31101.0
1732,16.5,31005.0,2007,31103.0
1733,12.5,37656.0,2007,31105.0
1734,14.9,34490.0,2007,31107.0
1735,10.9,49277.0,2007,31109.0
1736,12.2,44896.0,2007,31111.0
1737,10.6,40727.0,2007,31113.0
1738,15.1,29523.0,2007,31115.0
1739,12.8,37712.0,2007,31117.0
1740,11.6,40044.0,2007,31119.0
1741,9.2,41711.0,2007,31121.0
1742,16.4,36590.0,2007,31123.0
1743,12.1,38372.0,2007,31125.0
1744,13.3,41024.0,2007,31127.0
1745,11.7,32777.0,2007,31129.0
1746,9.4,45018.0,2007,31131.0
1747,13.1,40497.0,2007,31133.0
1748,11.4,40005.0,2007,31135.0
1749,10.1,43740.0,2007,31137.0
1750,11.2,41693.0,2007,31139.0
1751,8.9,48435.0,2007,31141.0
1752,7.8,45297.0,2007,31143.0
1753,11.3,38960.0,2007,31145.0
1754,13.4,36092.0,2007,31147.0
1755,18.0,32257.0,2007,31149.0
1756,9.4,45645.0,2007,31151.0
1757,6.2,63776.0,2007,31153.0
1758,7.6,56163.0,2007,31155.0
1759,16.5,36673.0,2007,31157.0
1760,8.6,52419.0,2007,31159.0
1761,15.3,32630.0,2007,31161.0
1762,13.0,36038.0,2007,31163.0
1763,14.0,35668.0,2007,31165.0
1764,8.9,45394.0,2007,31167.0
1765,12.3,37416.0,2007,31169.0
1766,11.2,34072.0,2007,31171.0
1767,25.6,33338.0,2007,31173.0
1768,13.8,34631.0,2007,31175.0
1769,6.6,59657.0,2007,31177.0
1770,14.2,41572.0,2007,31179.0
1771,13.6,36424.0,2007,31181.0
1772,14.9,34173.0,2007,31183.0
1773,9.1,48369.0,2007,31185.0
1775,10.6,48810.0,2007,32001.0
1776,10.7,55960.0,2007,32003.0
1777,7.7,60983.0,2007,32005.0
1778,8.7,62801.0,2007,32007.0
1779,15.0,41828.0,2007,32009.0
1780,9.1,54107.0,2007,32011.0
1781,11.4,56875.0,2007,32013.0
1782,10.5,61466.0,2007,32015.0
1783,12.8,44450.0,2007,32017.0
1784,10.0,49981.0,2007,32019.0
1785,16.9,37390.0,2007,32021.0
1786,12.5,42348.0,2007,32023.0
1787,15.6,57230.0,2007,32027.0
1788,5.2,58363.0,2007,32029.0
1789,10.2,54524.0,2007,32031.0
1790,11.4,50934.0,2007,32033.0
1791,12.9,50884.0,2007,32510.0
1793,7.8,54469.0,2007,33001.0
1794,9.5,49111.0,2007,33003.0
1795,8.1,53870.0,2007,33005.0
1796,11.7,40857.0,2007,33007.0
1797,7.7,51857.0,2007,33009.0
1798,7.0,67355.0,2007,33011.0
1799,8.1,59437.0,2007,33013.0
1800,4.6,75054.0,2007,33015.0
1801,10.3,59382.0,2007,33017.0
1802,8.9,49836.0,2007,33019.0
1804,11.9,54340.0,2007,34001.0
1805,5.9,80063.0,2007,34003.0
1806,5.0,73083.0,2007,34005.0
1807,10.6,58541.0,2007,34007.0
1808,8.9,51356.0,2007,34009.0
1809,17.4,46482.0,2007,34011.0
1810,13.3,53319.0,2007,34013.0
1811,7.6,70119.0,2007,34015.0
1812,13.9,51247.0,2007,34017.0
1813,3.7,100089.0,2007,34019.0
1814,9.3,69139.0,2007,34021.0
1815,6.6,75069.0,2007,34023.0
1816,6.1,78173.0,2007,34025.0
1817,4.1,94556.0,2007,34027.0
1818,8.4,56243.0,2007,34029.0
1819,13.4,54207.0,2007,34031.0
1820,10.2,54588.0,2007,34033.0
1821,3.3,96792.0,2007,34035.0
1822,4.6,78713.0,2007,34037.0
1823,8.0,61587.0,2007,34039.0
1824,6.2,66237.0,2007,34041.0
1826,14.9,45147.0,2007,35001.0
1827,20.8,29559.0,2007,35003.0
1828,20.5,35221.0,2007,35005.0
1829,24.5,32664.0,2007,35006.0
1830,17.1,35852.0,2007,35007.0
1831,18.5,35243.0,2007,35009.0
1832,17.8,29321.0,2007,35011.0
1833,23.9,35267.0,2007,35013.0
1834,16.1,42169.0,2007,35015.0
1835,17.7,33841.0,2007,35017.0
1836,25.5,26929.0,2007,35019.0
1837,13.6,30111.0,2007,35021.0
1838,24.0,28703.0,2007,35023.0
1839,18.6,40962.0,2007,35025.0
1840,14.0,40669.0,2007,35027.0
1841,3.1,101098.0,2007,35028.0
1842,32.5,25880.0,2007,35029.0
1843,26.5,33475.0,2007,35031.0
1844,22.4,28271.0,2007,35033.0
1845,20.4,36350.0,2007,35035.0
1846,23.5,26192.0,2007,35037.0
1847,21.2,37260.0,2007,35039.0
1848,24.4,29857.0,2007,35041.0
1849,10.3,54705.0,2007,35043.0
1850,18.4,43245.0,2007,35045.0
1851,24.5,31172.0,2007,35047.0
1852,15.0,51601.0,2007,35049.0
1853,23.9,23387.0,2007,35051.0
1854,30.4,30225.0,2007,35053.0
1855,17.6,33409.0,2007,35055.0
1856,22.7,34657.0,2007,35057.0
1857,16.8,36651.0,2007,35059.0
1858,15.7,38862.0,2007,35061.0
1860,11.7,52831.0,2007,36001.0
1861,16.7,37954.0,2007,36003.0
1862,27.1,34031.0,2007,36005.0
1863,14.5,43399.0,2007,36007.0
1864,15.8,40830.0,2007,36009.0
1865,12.7,45105.0,2007,36011.0
1866,15.1,38926.0,2007,36013.0
1867,16.0,40891.0,2007,36015.0
1868,12.4,43083.0,2007,36017.0
1869,13.2,45462.0,2007,36019.0
1870,10.0,53214.0,2007,36021.0
1871,14.8,40770.0,2007,36023.0
1872,14.2,41862.0,2007,36025.0
1873,8.7,65847.0,2007,36027.0
1874,13.7,45129.0,2007,36029.0
1875,12.4,43132.0,2007,36031.0
1876,15.6,39199.0,2007,36033.0
1877,15.9,40259.0,2007,36035.0
1878,11.9,48499.0,2007,36037.0
1879,12.6,44966.0,2007,36039.0
1880,13.1,42188.0,2007,36041.0
1881,12.3,38732.0,2007,36043.0
1882,14.7,42316.0,2007,36045.0
1883,21.9,41304.0,2007,36047.0
1884,15.1,41587.0,2007,36049.0
1885,12.8,49927.0,2007,36051.0
1886,11.0,50924.0,2007,36053.0
1887,13.3,50050.0,2007,36055.0
1888,11.0,41869.0,2007,36057.0
1889,4.7,89360.0,2007,36059.0
1890,17.7,63704.0,2007,36061.0
1891,11.9,44064.0,2007,36063.0
1892,14.5,44082.0,2007,36065.0
1893,12.8,48807.0,2007,36067.0
1894,9.5,54107.0,2007,36069.0
1895,10.5,64799.0,2007,36071.0
1896,13.4,43029.0,2007,36073.0
1897,13.8,44854.0,2007,36075.0
1898,15.7,42572.0,2007,36077.0
1899,6.7,84622.0,2007,36079.0
1900,12.2,52944.0,2007,36081.0
1901,10.6,50840.0,2007,36083.0
1902,10.1,66384.0,2007,36085.0
1903,8.8,80620.0,2007,36087.0
1904,15.9,39035.0,2007,36089.0
1905,6.9,62607.0,2007,36091.0
1906,11.1,53182.0,2007,36093.0
1907,12.7,44524.0,2007,36095.0
1908,11.4,44511.0,2007,36097.0
1909,12.1,43440.0,2007,36099.0
1910,15.0,41519.0,2007,36101.0
1911,5.3,82961.0,2007,36103.0
1912,14.2,45555.0,2007,36105.0
1913,10.3,49235.0,2007,36107.0
1914,19.2,44379.0,2007,36109.0
1915,11.2,55589.0,2007,36111.0
1916,9.7,47043.0,2007,36113.0
1917,11.6,44043.0,2007,36115.0
1918,11.3,51853.0,2007,36117.0
1919,7.7,77097.0,2007,36119.0
1920,9.6,49050.0,2007,36121.0
1921,15.8,40924.0,2007,36123.0
1923,13.0,41922.0,2007,37001.0
1924,11.8,42197.0,2007,37003.0
1925,16.7,32949.0,2007,37005.0
1926,21.3,33777.0,2007,37007.0
1927,15.2,35288.0,2007,37009.0
1928,17.6,36068.0,2007,37011.0
1929,16.6,37343.0,2007,37013.0
1930,26.0,28531.0,2007,37015.0
1931,23.3,32376.0,2007,37017.0
1932,13.8,41891.0,2007,37019.0
1933,14.0,43405.0,2007,37021.0
1934,16.0,37320.0,2007,37023.0
1935,11.1,51927.0,2007,37025.0
1936,13.6,39178.0,2007,37027.0
1937,8.3,55089.0,2007,37029.0
1938,10.7,47064.0,2007,37031.0
1939,15.8,37763.0,2007,37033.0
1940,11.1,43618.0,2007,37035.0
1941,11.3,53164.0,2007,37037.0
1942,17.4,35221.0,2007,37039.0
1943,17.3,36575.0,2007,37041.0
1944,14.2,37419.0,2007,37043.0
1945,19.8,37411.0,2007,37045.0
1946,20.7,32728.0,2007,37047.0
1947,13.9,44227.0,2007,37049.0
1948,17.2,42683.0,2007,37051.0
1949,10.1,52893.0,2007,37053.0
1950,9.2,51748.0,2007,37055.0
1951,15.1,43663.0,2007,37057.0
1952,9.3,49742.0,2007,37059.0
1953,19.4,35040.0,2007,37061.0
1954,15.9,47885.0,2007,37063.0
1955,22.1,34434.0,2007,37065.0
1956,14.1,46561.0,2007,37067.0
1957,14.0,44683.0,2007,37069.0
1958,14.8,42292.0,2007,37071.0
1959,15.7,43925.0,2007,37073.0
1960,22.2,32449.0,2007,37075.0
1961,13.2,44923.0,2007,37077.0
1962,21.7,35977.0,2007,37079.0
1963,15.5,46510.0,2007,37081.0
1964,25.9,29236.0,2007,37083.0
1965,17.0,39649.0,2007,37085.0
1966,13.4,39872.0,2007,37087.0
1967,10.9,46872.0,2007,37089.0
1968,24.9,30549.0,2007,37091.0
1969,16.2,41452.0,2007,37093.0
1970,23.1,32449.0,2007,37095.0
1971,10.3,50500.0,2007,37097.0
1972,18.6,38955.0,2007,37099.0
1973,12.5,47773.0,2007,37101.0
1974,17.3,37870.0,2007,37103.0
1975,14.3,44038.0,2007,37105.0
1976,22.2,32731.0,2007,37107.0
1977,10.5,49250.0,2007,37109.0
1978,14.7,36384.0,2007,37111.0
1979,14.7,39272.0,2007,37113.0
1980,16.2,37691.0,2007,37115.0
1981,19.8,32920.0,2007,37117.0
1982,11.0,56114.0,2007,37119.0
1983,15.8,36239.0,2007,37121.0
1984,16.9,36102.0,2007,37123.0
1985,10.2,50342.0,2007,37125.0
1986,14.6,45288.0,2007,37127.0
1987,13.7,48106.0,2007,37129.0
1988,21.4,34008.0,2007,37131.0
1989,14.2,41799.0,2007,37133.0
1990,14.2,55028.0,2007,37135.0
1991,14.3,40890.0,2007,37137.0
1992,18.2,39270.0,2007,37139.0
1993,12.8,45230.0,2007,37141.0
1994,15.9,39108.0,2007,37143.0
1995,16.3,42140.0,2007,37145.0
1996,22.5,38632.0,2007,37147.0
1997,11.5,43116.0,2007,37149.0
1998,16.8,38475.0,2007,37151.0
1999,20.6,31944.0,2007,37153.0
2000,28.6,31006.0,2007,37155.0
2001,15.1,39413.0,2007,37157.0
2002,12.3,46071.0,2007,37159.0
2003,16.4,35760.0,2007,37161.0
2004,20.6,34516.0,2007,37163.0
2005,25.5,33025.0,2007,37165.0
2006,13.8,40245.0,2007,37167.0
2007,11.0,45523.0,2007,37169.0
2008,17.5,36652.0,2007,37171.0
2009,17.3,35940.0,2007,37173.0
2010,12.9,42312.0,2007,37175.0
2011,25.1,30287.0,2007,37177.0
2012,7.9,60612.0,2007,37179.0
2013,22.4,33525.0,2007,37181.0
2014,8.5,61706.0,2007,37183.0
2015,24.5,30267.0,2007,37185.0
2016,23.6,32831.0,2007,37187.0
2017,18.6,37949.0,2007,37189.0
2018,17.3,39955.0,2007,37191.0
2019,15.1,38135.0,2007,37193.0
2020,17.8,38500.0,2007,37195.0
2021,15.5,41132.0,2007,37197.0
2022,15.5,35913.0,2007,37199.0
2024,10.2,36100.0,2007,38001.0
2025,10.5,39387.0,2007,38003.0
2026,27.4,30030.0,2007,38005.0
2027,11.4,44819.0,2007,38007.0
2028,11.0,38751.0,2007,38009.0
2029,8.3,44510.0,2007,38011.0
2030,11.4,38162.0,2007,38013.0
2031,7.8,52122.0,2007,38015.0
2032,11.5,44747.0,2007,38017.0
2033,10.4,39134.0,2007,38019.0
2034,13.5,39811.0,2007,38021.0
2035,11.9,36651.0,2007,38023.0
2036,13.5,37632.0,2007,38025.0
2037,10.9,35347.0,2007,38027.0
2038,14.0,31833.0,2007,38029.0
2039,8.6,41954.0,2007,38031.0
2040,14.1,36502.0,2007,38033.0
2041,15.5,43541.0,2007,38035.0
2042,17.4,30880.0,2007,38037.0
2043,10.6,36410.0,2007,38039.0
2044,12.5,35422.0,2007,38041.0
2045,15.2,31981.0,2007,38043.0
2046,10.8,44181.0,2007,38045.0
2047,13.4,33796.0,2007,38047.0
2048,14.8,36053.0,2007,38049.0
2049,14.3,32245.0,2007,38051.0
2050,13.8,41333.0,2007,38053.0
2051,10.4,44421.0,2007,38055.0
2052,7.7,57841.0,2007,38057.0
2053,9.1,46265.0,2007,38059.0
2054,15.9,35981.0,2007,38061.0
2055,10.8,35093.0,2007,38063.0
2056,10.2,49069.0,2007,38065.0
2057,8.7,42646.0,2007,38067.0
2058,12.8,31442.0,2007,38069.0
2059,13.3,41916.0,2007,38071.0
2060,8.3,47913.0,2007,38073.0
2061,9.0,42993.0,2007,38075.0
2062,10.1,44007.0,2007,38077.0
2063,29.8,30543.0,2007,38079.0
2064,7.0,50097.0,2007,38081.0
2065,18.3,28573.0,2007,38083.0
2066,32.7,28536.0,2007,38085.0
2067,12.2,30669.0,2007,38087.0
2068,11.0,43007.0,2007,38089.0
2069,7.4,45295.0,2007,38091.0
2070,11.4,41664.0,2007,38093.0
2071,11.6,37817.0,2007,38095.0
2072,9.7,48126.0,2007,38097.0
2073,10.6,42238.0,2007,38099.0
2074,9.9,45267.0,2007,38101.0
2075,12.3,38457.0,2007,38103.0
2076,10.2,48919.0,2007,38105.0
2078,19.6,36062.0,2007,39001.0
2079,14.5,43840.0,2007,39003.0
2080,10.0,46805.0,2007,39005.0
2081,15.5,40107.0,2007,39007.0
2082,29.4,33556.0,2007,39009.0
2083,7.2,51308.0,2007,39011.0
2084,15.3,35780.0,2007,39013.0
2085,13.6,43642.0,2007,39015.0
2086,11.9,53335.0,2007,39017.0
2087,11.5,43371.0,2007,39019.0
2088,11.0,47384.0,2007,39021.0
2089,15.5,43407.0,2007,39023.0
2090,9.0,54037.0,2007,39025.0
2091,13.0,47577.0,2007,39027.0
2092,15.1,39580.0,2007,39029.0
2093,12.8,38111.0,2007,39031.0
2094,12.8,40022.0,2007,39033.0
2095,15.7,44400.0,2007,39035.0
2096,9.1,46556.0,2007,39037.0
2097,9.5,47553.0,2007,39039.0
2098,4.5,81309.0,2007,39041.0
2099,11.1,48689.0,2007,39043.0
2100,8.9,58287.0,2007,39045.0
2101,13.6,41992.0,2007,39047.0
2102,16.2,48076.0,2007,39049.0
2103,8.1,50356.0,2007,39051.0
2104,23.1,36050.0,2007,39053.0
2105,5.4,68185.0,2007,39055.0
2106,9.2,55362.0,2007,39057.0
2107,15.5,35599.0,2007,39059.0
2108,13.0,48435.0,2007,39061.0
2109,8.9,49715.0,2007,39063.0
2110,15.0,41546.0,2007,39065.0
2111,17.0,36275.0,2007,39067.0
2112,8.1,49464.0,2007,39069.0
2113,14.1,40556.0,2007,39071.0
2114,16.0,39219.0,2007,39073.0
2115,10.7,43597.0,2007,39075.0
2116,11.1,46846.0,2007,39077.0
2117,17.2,36833.0,2007,39079.0
2118,16.9,37930.0,2007,39081.0
2119,11.3,44381.0,2007,39083.0
2120,6.8,55591.0,2007,39085.0
2121,21.9,32824.0,2007,39087.0
2122,11.0,53357.0,2007,39089.0
2123,12.1,48482.0,2007,39091.0
2124,11.2,50832.0,2007,39093.0
2125,16.9,44618.0,2007,39095.0
2126,10.1,52349.0,2007,39097.0
2127,16.6,39141.0,2007,39099.0
2128,14.6,42447.0,2007,39101.0
2129,6.7,61812.0,2007,39103.0
2130,19.8,33356.0,2007,39105.0
2131,8.4,48788.0,2007,39107.0
2132,9.0,50392.0,2007,39109.0
2133,15.9,35762.0,2007,39111.0
2134,14.8,44131.0,2007,39113.0
2135,20.2,33087.0,2007,39115.0
2136,10.2,48900.0,2007,39117.0
2137,16.4,40447.0,2007,39119.0
2138,16.4,37043.0,2007,39121.0
2139,8.5,51067.0,2007,39123.0
2140,9.4,45541.0,2007,39125.0
2141,14.8,41463.0,2007,39127.0
2142,11.9,49408.0,2007,39129.0
2143,22.9,35434.0,2007,39131.0
2144,10.8,50629.0,2007,39133.0
2145,9.1,48323.0,2007,39135.0
2146,6.4,56101.0,2007,39137.0
2147,11.9,43320.0,2007,39139.0
2148,13.8,42660.0,2007,39141.0
2149,9.7,45888.0,2007,39143.0
2150,20.6,33044.0,2007,39145.0
2151,12.0,43712.0,2007,39147.0
2152,9.5,51841.0,2007,39149.0
2153,10.9,44950.0,2007,39151.0
2154,14.0,47575.0,2007,39153.0
2155,14.6,41829.0,2007,39155.0
2156,12.0,41138.0,2007,39157.0
2157,5.1,64094.0,2007,39159.0
2158,7.0,42208.0,2007,39161.0
2159,18.9,37627.0,2007,39163.0
2160,5.1,71178.0,2007,39165.0
2161,13.5,39502.0,2007,39167.0
2162,8.8,46928.0,2007,39169.0
2163,8.9,45377.0,2007,39171.0
2164,10.8,50857.0,2007,39173.0
2165,7.4,46926.0,2007,39175.0
2167,25.4,30668.0,2007,40001.0
2168,15.3,38470.0,2007,40003.0
2169,23.6,29810.0,2007,40005.0
2170,12.7,44529.0,2007,40007.0
2171,15.6,40947.0,2007,40009.0
2172,19.0,35117.0,2007,40011.0
2173,21.7,33584.0,2007,40013.0
2174,19.6,34378.0,2007,40015.0
2175,8.0,58044.0,2007,40017.0
2176,16.4,36379.0,2007,40019.0
2177,31.8,30535.0,2007,40021.0
2178,26.8,28392.0,2007,40023.0
2179,15.5,33233.0,2007,40025.0
2180,10.0,51052.0,2007,40027.0
2181,24.4,30241.0,2007,40029.0
2182,18.8,42972.0,2007,40031.0
2183,14.3,36718.0,2007,40033.0
2184,21.5,36260.0,2007,40035.0
2185,16.4,41745.0,2007,40037.0
2186,19.5,40287.0,2007,40039.0
2187,20.2,33139.0,2007,40041.0
2188,14.9,36735.0,2007,40043.0
2189,12.7,36924.0,2007,40045.0
2190,15.6,39904.0,2007,40047.0
2191,16.6,38360.0,2007,40049.0
2192,14.1,43341.0,2007,40051.0
2193,15.1,36667.0,2007,40053.0
2194,24.5,30911.0,2007,40055.0
2195,27.6,27635.0,2007,40057.0
2196,10.6,43201.0,2007,40059.0
2197,16.9,31592.0,2007,40061.0
2198,25.7,28689.0,2007,40063.0
2199,17.9,38313.0,2007,40065.0
2200,19.2,28843.0,2007,40067.0
2201,19.9,32556.0,2007,40069.0
2202,18.1,38080.0,2007,40071.0
2203,10.8,49242.0,2007,40073.0
2204,20.4,31731.0,2007,40075.0
2205,18.7,34060.0,2007,40077.0
2206,21.5,33925.0,2007,40079.0
2207,16.4,38204.0,2007,40081.0
2208,12.7,48003.0,2007,40083.0
2209,13.5,38921.0,2007,40085.0
2210,10.0,48654.0,2007,40087.0
2211,25.2,29249.0,2007,40089.0
2212,19.6,31251.0,2007,40091.0
2213,11.1,41007.0,2007,40093.0
2214,16.5,34819.0,2007,40095.0
2215,16.8,38040.0,2007,40097.0
2216,15.9,37934.0,2007,40099.0
2217,16.8,36490.0,2007,40101.0
2218,14.6,39414.0,2007,40103.0
2219,16.3,35578.0,2007,40105.0
2220,21.9,29516.0,2007,40107.0
2221,15.9,41598.0,2007,40109.0
2222,18.1,35018.0,2007,40111.0
2223,13.3,42245.0,2007,40113.0
2224,16.1,33841.0,2007,40115.0
2225,16.1,40255.0,2007,40117.0
2226,21.8,33840.0,2007,40119.0
2227,16.5,37113.0,2007,40121.0
2228,16.1,35895.0,2007,40123.0
2229,18.8,38614.0,2007,40125.0
2230,22.4,28348.0,2007,40127.0
2231,12.7,41268.0,2007,40129.0
2232,9.8,52866.0,2007,40131.0
2233,22.8,33207.0,2007,40133.0
2234,19.2,36370.0,2007,40135.0
2235,14.3,40866.0,2007,40137.0
2236,12.7,42069.0,2007,40139.0
2237,23.7,26120.0,2007,40141.0
2238,14.2,45313.0,2007,40143.0
2239,11.1,53455.0,2007,40145.0
2240,11.4,46298.0,2007,40147.0
2241,15.3,39151.0,2007,40149.0
2242,15.1,38183.0,2007,40151.0
2243,13.3,45700.0,2007,40153.0
2245,17.7,36942.0,2007,41001.0
2246,17.6,49061.0,2007,41003.0
2247,9.2,61325.0,2007,41005.0
2248,13.6,42091.0,2007,41007.0
2249,8.8,53657.0,2007,41009.0
2250,14.7,37523.0,2007,41011.0
2251,12.8,45244.0,2007,41013.0
2252,14.1,36467.0,2007,41015.0
2253,8.9,54754.0,2007,41017.0
2254,14.9,39224.0,2007,41019.0
2255,11.1,42274.0,2007,41021.0
2256,14.2,36011.0,2007,41023.0
2257,16.1,37432.0,2007,41025.0
2258,12.7,47159.0,2007,41027.0
2259,13.4,44344.0,2007,41029.0
2260,18.8,39443.0,2007,41031.0
2261,17.5,37209.0,2007,41033.0
2262,15.9,41724.0,2007,41035.0
2263,15.6,37129.0,2007,41037.0
2264,14.3,43250.0,2007,41039.0
2265,15.7,39346.0,2007,41041.0
2266,13.8,44580.0,2007,41043.0
2267,17.6,36100.0,2007,41045.0
2268,15.2,43874.0,2007,41047.0
2269,15.1,46205.0,2007,41049.0
2270,15.0,48876.0,2007,41051.0
2271,10.8,47540.0,2007,41053.0
2272,15.5,39954.0,2007,41055.0
2273,13.8,41891.0,2007,41057.0
2274,15.1,40773.0,2007,41059.0
2275,16.7,39873.0,2007,41061.0
2276,14.4,38677.0,2007,41063.0
2277,14.6,40048.0,2007,41065.0
2278,8.6,61721.0,2007,41067.0
2279,17.3,32522.0,2007,41069.0
2280,11.7,51728.0,2007,41071.0
2282,7.4,53036.0,2007,42001.0
2283,11.6,46402.0,2007,42003.0
2284,13.1,40217.0,2007,42005.0
2285,9.9,44817.0,2007,42007.0
2286,12.6,38257.0,2007,42009.0
2287,11.1,52620.0,2007,42011.0
2288,13.8,41646.0,2007,42013.0
2289,14.0,37830.0,2007,42015.0
2290,5.2,70688.0,2007,42017.0
2291,8.8,54023.0,2007,42019.0
2292,13.9,37260.0,2007,42021.0
2293,12.1,37781.0,2007,42023.0
2294,10.6,43733.0,2007,42025.0
2295,14.7,44968.0,2007,42027.0
2296,5.5,82979.0,2007,42029.0
2297,16.5,36023.0,2007,42031.0
2298,15.3,36666.0,2007,42033.0
2299,13.3,36983.0,2007,42035.0
2300,13.1,42119.0,2007,42037.0
2301,14.1,36672.0,2007,42039.0
2302,6.4,58336.0,2007,42041.0
2303,11.0,49998.0,2007,42043.0
2304,9.7,60069.0,2007,42045.0
2305,9.6,42201.0,2007,42047.0
2306,14.4,42365.0,2007,42049.0
2307,19.5,31867.0,2007,42051.0
2308,21.0,30501.0,2007,42053.0
2309,7.9,47728.0,2007,42055.0
2310,12.3,44479.0,2007,42057.0
2311,18.1,37609.0,2007,42059.0
2312,12.1,39886.0,2007,42061.0
2313,18.9,34463.0,2007,42063.0
2314,13.2,36268.0,2007,42065.0
2315,8.5,42264.0,2007,42067.0
2316,12.6,41536.0,2007,42069.0
2317,8.6,52854.0,2007,42071.0
2318,14.3,40600.0,2007,42073.0
2319,8.8,47236.0,2007,42075.0
2320,9.1,51725.0,2007,42077.0
2321,11.7,41679.0,2007,42079.0
2322,13.0,41497.0,2007,42081.0
2323,13.7,37949.0,2007,42083.0
2324,11.2,40945.0,2007,42085.0
2325,13.9,37143.0,2007,42087.0
2326,9.1,55928.0,2007,42089.0
2327,5.3,73985.0,2007,42091.0
2328,10.4,46705.0,2007,42093.0
2329,7.9,57975.0,2007,42095.0
2330,12.9,36996.0,2007,42097.0
2331,8.6,49740.0,2007,42099.0
2332,23.5,35431.0,2007,42101.0
2333,8.7,54614.0,2007,42103.0
2334,15.0,37520.0,2007,42105.0
2335,11.9,40655.0,2007,42107.0
2336,10.7,41354.0,2007,42109.0
2337,11.4,37435.0,2007,42111.0
2338,12.6,36241.0,2007,42113.0
2339,11.3,42149.0,2007,42115.0
2340,14.4,38453.0,2007,42117.0
2341,13.2,43629.0,2007,42119.0
2342,14.4,36510.0,2007,42121.0
2343,12.9,39931.0,2007,42123.0
2344,9.6,47122.0,2007,42125.0
2345,11.2,41756.0,2007,42127.0
2346,9.5,45974.0,2007,42129.0
2347,10.9,45895.0,2007,42131.0
2348,8.6,55047.0,2007,42133.0
2350,6.7,62575.0,2007,44001.0
2351,6.6,57986.0,2007,44003.0
2352,8.3,62046.0,2007,44005.0
2353,15.4,47337.0,2007,44007.0
2354,6.3,66583.0,2007,44009.0
2356,17.4,35993.0,2007,45001.0
2357,15.4,45105.0,2007,45003.0
2358,36.8,25417.0,2007,45005.0
2359,13.8,41691.0,2007,45007.0
2360,27.4,27421.0,2007,45009.0
2361,21.8,30601.0,2007,45011.0
2362,10.4,54209.0,2007,45013.0
2363,10.6,48746.0,2007,45015.0
2364,17.4,39141.0,2007,45017.0
2365,15.2,47297.0,2007,45019.0
2366,16.8,37815.0,2007,45021.0
2367,20.1,36522.0,2007,45023.0
2368,21.0,33458.0,2007,45025.0
2369,23.7,31814.0,2007,45027.0
2370,21.7,34703.0,2007,45029.0
2371,18.7,39434.0,2007,45031.0
2372,27.7,28979.0,2007,45033.0
2373,10.7,53613.0,2007,45035.0
2374,18.7,41360.0,2007,45037.0
2375,17.8,34174.0,2007,45039.0
2376,17.8,40371.0,2007,45041.0
2377,17.7,41421.0,2007,45043.0
2378,12.2,47867.0,2007,45045.0
2379,15.0,40428.0,2007,45047.0
2380,21.3,33300.0,2007,45049.0
2381,14.0,42960.0,2007,45051.0
2382,20.8,36522.0,2007,45053.0
2383,14.2,46459.0,2007,45055.0
2384,17.9,37169.0,2007,45057.0
2385,20.2,35832.0,2007,45059.0
2386,26.2,30448.0,2007,45061.0
2387,10.9,51040.0,2007,45063.0
2388,19.6,36573.0,2007,45065.0
2389,24.3,30364.0,2007,45067.0
2390,26.0,29229.0,2007,45069.0
2391,16.7,39766.0,2007,45071.0
2392,13.9,42279.0,2007,45073.0
2393,23.2,33192.0,2007,45075.0
2394,16.4,42453.0,2007,45077.0
2395,12.7,47787.0,2007,45079.0
2396,16.8,38968.0,2007,45081.0
2397,13.7,41160.0,2007,45083.0
2398,18.5,38616.0,2007,45085.0
2399,17.7,35887.0,2007,45087.0
2400,36.3,26745.0,2007,45089.0
2401,12.1,54092.0,2007,45091.0
2403,10.5,37680.0,2007,46003.0
2404,12.8,37632.0,2007,46005.0
2405,34.6,30635.0,2007,46007.0
2406,14.2,37978.0,2007,46009.0
2407,14.4,45120.0,2007,46011.0
2408,10.8,43777.0,2007,46013.0
2409,12.6,38576.0,2007,46015.0
2410,50.3,17488.0,2007,46017.0
2411,14.0,38513.0,2007,46019.0
2412,11.4,34594.0,2007,46021.0
2413,23.9,32550.0,2007,46023.0
2414,14.4,36697.0,2007,46025.0
2415,19.6,36538.0,2007,46027.0
2416,12.1,43084.0,2007,46029.0
2417,36.1,25204.0,2007,46031.0
2418,10.0,48539.0,2007,46033.0
2419,11.8,42373.0,2007,46035.0
2420,12.9,35848.0,2007,46037.0
2421,8.8,41097.0,2007,46039.0
2422,29.1,29394.0,2007,46041.0
2423,13.3,35923.0,2007,46043.0
2424,12.3,40699.0,2007,46045.0
2425,13.0,39107.0,2007,46047.0
2426,13.7,35208.0,2007,46049.0
2427,9.9,41730.0,2007,46051.0
2428,18.7,28817.0,2007,46053.0
2429,12.0,40461.0,2007,46055.0
2430,9.5,40584.0,2007,46057.0
2431,10.1,39871.0,2007,46059.0
2432,9.0,46644.0,2007,46061.0
2433,11.5,34729.0,2007,46063.0
2434,10.1,51395.0,2007,46065.0
2435,10.8,38165.0,2007,46067.0
2436,11.5,37522.0,2007,46069.0
2437,30.9,27391.0,2007,46071.0
2438,15.0,35930.0,2007,46073.0
2439,12.9,36106.0,2007,46075.0
2440,9.3,40516.0,2007,46077.0
2441,11.2,42012.0,2007,46079.0
2442,13.5,41356.0,2007,46081.0
2443,3.7,64051.0,2007,46083.0
2444,22.9,32330.0,2007,46085.0
2445,9.2,41892.0,2007,46087.0
2446,16.6,29875.0,2007,46089.0
2447,13.6,38387.0,2007,46091.0
2448,9.8,46063.0,2007,46093.0
2449,34.3,26893.0,2007,46095.0
2450,11.6,36281.0,2007,46097.0
2451,9.6,49467.0,2007,46099.0
2452,8.9,45751.0,2007,46101.0
2453,12.4,44296.0,2007,46103.0
2454,13.7,34085.0,2007,46105.0
2455,11.5,37841.0,2007,46107.0
2456,21.4,35124.0,2007,46109.0
2457,13.3,41167.0,2007,46111.0
2458,47.4,25964.0,2007,46113.0
2459,12.3,40016.0,2007,46115.0
2460,8.9,48944.0,2007,46117.0
2461,10.1,41636.0,2007,46119.0
2462,42.8,24388.0,2007,46121.0
2463,18.4,35631.0,2007,46123.0
2464,8.5,46132.0,2007,46125.0
2465,6.4,56951.0,2007,46127.0
2466,16.7,34627.0,2007,46129.0
2467,12.8,44160.0,2007,46135.0
2468,55.9,22602.0,2007,46137.0
2470,16.1,42059.0,2007,47001.0
2471,17.7,39792.0,2007,47003.0
2472,17.9,34077.0,2007,47005.0
2473,21.3,34655.0,2007,47007.0
2474,12.0,47466.0,2007,47009.0
2475,15.7,39362.0,2007,47011.0
2476,23.9,31535.0,2007,47013.0
2477,15.6,39123.0,2007,47015.0
2478,19.1,36886.0,2007,47017.0
2479,20.1,32287.0,2007,47019.0
2480,9.3,52090.0,2007,47021.0
2481,19.1,37002.0,2007,47023.0
2482,22.3,29822.0,2007,47025.0
2483,23.3,27428.0,2007,47027.0
2484,26.6,29637.0,2007,47029.0
2485,14.2,40738.0,2007,47031.0
2486,18.0,34315.0,2007,47033.0
2487,17.0,36424.0,2007,47035.0
2488,15.2,46430.0,2007,47037.0
2489,18.7,32029.0,2007,47039.0
2490,17.3,36905.0,2007,47041.0
2491,12.4,45968.0,2007,47043.0
2492,16.7,37925.0,2007,47045.0
2493,13.6,54271.0,2007,47047.0
2494,25.0,29915.0,2007,47049.0
2495,11.8,41528.0,2007,47051.0
2496,16.5,34601.0,2007,47053.0
2497,15.0,37767.0,2007,47055.0
2498,19.4,34148.0,2007,47057.0
2499,19.7,35246.0,2007,47059.0
2500,27.0,26844.0,2007,47061.0
2501,16.9,37147.0,2007,47063.0
2502,13.5,45511.0,2007,47065.0
2503,32.2,24375.0,2007,47067.0
2504,21.8,33780.0,2007,47069.0
2505,23.0,32540.0,2007,47071.0
2506,16.4,37398.0,2007,47073.0
2507,22.4,33007.0,2007,47075.0
2508,15.3,38126.0,2007,47077.0
2509,15.1,34936.0,2007,47079.0
2510,17.7,39925.0,2007,47081.0
2511,18.3,36158.0,2007,47083.0
2512,14.7,41662.0,2007,47085.0
2513,21.8,30343.0,2007,47087.0
2514,17.4,39580.0,2007,47089.0
2515,21.9,30447.0,2007,47091.0
2516,12.8,45157.0,2007,47093.0
2517,39.2,26521.0,2007,47095.0
2518,26.8,33840.0,2007,47097.0
2519,16.2,35762.0,2007,47099.0
2520,17.9,34162.0,2007,47101.0
2521,13.9,41536.0,2007,47103.0
2522,11.1,48355.0,2007,47105.0
2523,18.1,36934.0,2007,47107.0
2524,19.1,35686.0,2007,47109.0
2525,18.6,35410.0,2007,47111.0
2526,18.8,41029.0,2007,47113.0
2527,14.0,39059.0,2007,47115.0
2528,13.3,43141.0,2007,47117.0
2529,12.9,46425.0,2007,47119.0
2530,20.9,36876.0,2007,47121.0
2531,17.2,37823.0,2007,47123.0
2532,12.7,48536.0,2007,47125.0
2533,11.4,47106.0,2007,47127.0
2534,21.4,35026.0,2007,47129.0
2535,15.9,37889.0,2007,47131.0
2536,20.0,32146.0,2007,47133.0
2537,18.2,33014.0,2007,47135.0
2538,18.2,27956.0,2007,47137.0
2539,15.4,34660.0,2007,47139.0
2540,21.6,36131.0,2007,47141.0
2541,18.0,37682.0,2007,47143.0
2542,16.0,41897.0,2007,47145.0
2543,11.6,50528.0,2007,47147.0
2544,11.8,51307.0,2007,47149.0
2545,21.1,30340.0,2007,47151.0
2546,18.8,38683.0,2007,47153.0
2547,12.7,40312.0,2007,47155.0
2548,20.1,44373.0,2007,47157.0
2549,13.5,43701.0,2007,47159.0
2550,13.6,44490.0,2007,47161.0
2551,15.0,39706.0,2007,47163.0
2552,9.4,51247.0,2007,47165.0
2553,16.5,49893.0,2007,47167.0
2554,15.2,39212.0,2007,47169.0
2555,16.3,35042.0,2007,47171.0
2556,21.7,31779.0,2007,47173.0
2557,19.2,33993.0,2007,47175.0
2558,16.6,38210.0,2007,47177.0
2559,17.3,40267.0,2007,47179.0
2560,20.5,31281.0,2007,47181.0
2561,18.9,34725.0,2007,47183.0
2562,18.7,33654.0,2007,47185.0
2563,5.0,83924.0,2007,47187.0
2564,7.2,60154.0,2007,47189.0
2566,18.9,37973.0,2007,48001.0
2567,15.3,48020.0,2007,48003.0
2568,19.3,37953.0,2007,48005.0
2569,18.2,38281.0,2007,48007.0
2570,8.1,49458.0,2007,48009.0
2571,9.5,46289.0,2007,48011.0
2572,18.1,40186.0,2007,48013.0
2573,10.9,50277.0,2007,48015.0
2574,19.8,30933.0,2007,48017.0
2575,13.4,43260.0,2007,48019.0
2576,12.6,51563.0,2007,48021.0
2577,18.1,30539.0,2007,48023.0
2578,22.5,34714.0,2007,48025.0
2579,13.6,47434.0,2007,48027.0
2580,16.4,44587.0,2007,48029.0
2581,10.6,49320.0,2007,48031.0
2582,8.0,41783.0,2007,48033.0
2583,19.6,41137.0,2007,48035.0
2584,17.9,41822.0,2007,48037.0
2585,9.8,60784.0,2007,48039.0
2586,26.2,38039.0,2007,48041.0
2587,17.3,33158.0,2007,48043.0
2588,15.5,34911.0,2007,48045.0
2589,30.2,24208.0,2007,48047.0
2590,18.9,37664.0,2007,48049.0
2591,15.6,41404.0,2007,48051.0
2592,10.0,48510.0,2007,48053.0
2593,16.7,43846.0,2007,48055.0
2594,15.7,41822.0,2007,48057.0
2595,13.3,38736.0,2007,48059.0
2596,34.3,29589.0,2007,48061.0
2597,17.5,36423.0,2007,48063.0
2598,8.5,47669.0,2007,48065.0
2599,19.3,34181.0,2007,48067.0
2600,20.1,34831.0,2007,48069.0
2601,8.6,62164.0,2007,48071.0
2602,18.6,35413.0,2007,48073.0
2603,23.8,32218.0,2007,48075.0
2604,12.0,46535.0,2007,48077.0
2605,24.2,32832.0,2007,48079.0
2606,13.9,33812.0,2007,48081.0
2607,22.0,30457.0,2007,48083.0
2608,6.2,80059.0,2007,48085.0
2609,19.5,32049.0,2007,48087.0
2610,14.9,39317.0,2007,48089.0
2611,9.8,58589.0,2007,48091.0
2612,17.6,34537.0,2007,48093.0
2613,23.7,35580.0,2007,48095.0
2614,13.8,47684.0,2007,48097.0
2615,15.3,44697.0,2007,48099.0
2616,21.0,30558.0,2007,48101.0
2617,10.4,46376.0,2007,48103.0
2618,15.0,39759.0,2007,48105.0
2619,24.1,32771.0,2007,48107.0
2620,24.3,28452.0,2007,48109.0
2621,13.2,36101.0,2007,48111.0
2622,16.9,46468.0,2007,48113.0
2623,25.5,31408.0,2007,48115.0
2624,20.8,34194.0,2007,48117.0
2625,17.7,34975.0,2007,48119.0
2626,7.1,71296.0,2007,48121.0
2627,19.4,34806.0,2007,48123.0
2628,23.8,29579.0,2007,48125.0
2629,32.7,25803.0,2007,48127.0
2630,16.6,34093.0,2007,48129.0
2631,26.9,29968.0,2007,48131.0
2632,18.5,33835.0,2007,48133.0
2633,15.5,44107.0,2007,48135.0
2634,24.8,30120.0,2007,48137.0
2635,10.7,55617.0,2007,48139.0
2636,28.4,35116.0,2007,48141.0
2637,15.8,37421.0,2007,48143.0
2638,27.7,30265.0,2007,48145.0
2639,16.5,40840.0,2007,48147.0
2640,12.4,45005.0,2007,48149.0
2641,16.1,33855.0,2007,48151.0
2642,22.0,31264.0,2007,48153.0
2643,18.1,29032.0,2007,48155.0
2644,8.4,77016.0,2007,48157.0
2645,14.4,40152.0,2007,48159.0
2646,13.6,40664.0,2007,48161.0
2647,28.9,29583.0,2007,48163.0
2648,18.3,38530.0,2007,48165.0
2649,12.4,52392.0,2007,48167.0
2650,21.0,35571.0,2007,48169.0
2651,9.9,49818.0,2007,48171.0
2652,10.3,47583.0,2007,48173.0
2653,15.8,44571.0,2007,48175.0
2654,18.6,33751.0,2007,48177.0
2655,15.1,40890.0,2007,48179.0
2656,12.6,44392.0,2007,48181.0
2657,16.2,40900.0,2007,48183.0
2658,16.8,38799.0,2007,48185.0
2659,9.6,52862.0,2007,48187.0
2660,18.0,35556.0,2007,48189.0
2661,26.3,27688.0,2007,48191.0
2662,14.6,37194.0,2007,48193.0
2663,13.5,44826.0,2007,48195.0
2664,16.8,33602.0,2007,48197.0
2665,11.2,52798.0,2007,48199.0
2666,16.3,49977.0,2007,48201.0
2667,16.5,40873.0,2007,48203.0
2668,10.8,51456.0,2007,48205.0
2669,21.0,29237.0,2007,48207.0
2670,13.7,55132.0,2007,48209.0
2671,9.1,52192.0,2007,48211.0
2672,15.5,38990.0,2007,48213.0
2673,34.0,30153.0,2007,48215.0
2674,16.9,38849.0,2007,48217.0
2675,17.1,42113.0,2007,48219.0
2676,10.7,52730.0,2007,48221.0
2677,14.6,39105.0,2007,48223.0
2678,24.0,33497.0,2007,48225.0
2679,25.9,37285.0,2007,48227.0
2680,32.4,25095.0,2007,48229.0
2681,16.4,43330.0,2007,48231.0
2682,13.6,44157.0,2007,48233.0
2683,8.1,46796.0,2007,48235.0
2684,13.0,44165.0,2007,48237.0
2685,14.6,48497.0,2007,48239.0
2686,20.8,36608.0,2007,48241.0
2687,13.1,38850.0,2007,48243.0
2688,17.1,39499.0,2007,48245.0
2689,22.8,32350.0,2007,48247.0
2690,22.1,35528.0,2007,48249.0
2691,11.3,53067.0,2007,48251.0
2692,20.6,35584.0,2007,48253.0
2693,26.5,31818.0,2007,48255.0
2694,11.0,53935.0,2007,48257.0
2695,8.6,67471.0,2007,48259.0
2696,15.9,30581.0,2007,48261.0
2697,9.1,36697.0,2007,48263.0
2698,16.4,42642.0,2007,48265.0
2699,17.8,35174.0,2007,48267.0
2700,15.2,42117.0,2007,48269.0
2701,21.2,29010.0,2007,48271.0
2702,24.4,37008.0,2007,48273.0
2703,20.3,30422.0,2007,48275.0
2704,16.2,38110.0,2007,48277.0
2705,19.5,33486.0,2007,48279.0
2706,13.6,45107.0,2007,48281.0
2707,28.8,27960.0,2007,48283.0
2708,13.2,38025.0,2007,48285.0
2709,12.3,44875.0,2007,48287.0
2710,15.4,38742.0,2007,48289.0
2711,14.4,46159.0,2007,48291.0
2712,21.3,35110.0,2007,48293.0
2713,14.3,45179.0,2007,48295.0
2714,18.1,39814.0,2007,48297.0
2715,12.4,41521.0,2007,48299.0
2716,20.0,45691.0,2007,48301.0
2717,17.4,41223.0,2007,48303.0
2718,20.1,32840.0,2007,48305.0
2719,22.8,31681.0,2007,48307.0
2720,19.1,40459.0,2007,48309.0
2721,13.9,37661.0,2007,48311.0
2722,21.2,34285.0,2007,48313.0
2723,25.0,31043.0,2007,48315.0
2724,16.9,40927.0,2007,48317.0
2725,14.5,37846.0,2007,48319.0
2726,22.5,38680.0,2007,48321.0
2727,29.8,27652.0,2007,48323.0
2728,14.8,44606.0,2007,48325.0
2729,21.5,32749.0,2007,48327.0
2730,14.4,51280.0,2007,48329.0
2731,17.3,39427.0,2007,48331.0
2732,17.2,35725.0,2007,48333.0
2733,24.6,32554.0,2007,48335.0
2734,14.9,40072.0,2007,48337.0
2735,9.8,63550.0,2007,48339.0
2736,12.5,43161.0,2007,48341.0
2737,17.5,35288.0,2007,48343.0
2738,16.0,32814.0,2007,48345.0
2739,21.1,32774.0,2007,48347.0
2740,18.5,37657.0,2007,48349.0
2741,20.4,34162.0,2007,48351.0
2742,21.8,32218.0,2007,48353.0
2743,19.1,41140.0,2007,48355.0
2744,12.7,50838.0,2007,48357.0
2745,22.1,51101.0,2007,48359.0
2746,13.5,46563.0,2007,48361.0
2747,15.9,37034.0,2007,48363.0
2748,13.7,42324.0,2007,48365.0
2749,8.6,59851.0,2007,48367.0
2750,15.3,35360.0,2007,48369.0
2751,21.8,34797.0,2007,48371.0
2752,17.5,37152.0,2007,48373.0
2753,25.3,32796.0,2007,48375.0
2754,24.4,27251.0,2007,48377.0
2755,15.6,40101.0,2007,48379.0
2756,9.0,53213.0,2007,48381.0
2757,9.6,49684.0,2007,48383.0
2758,20.0,29031.0,2007,48385.0
2759,19.0,32284.0,2007,48387.0
2760,36.5,29152.0,2007,48389.0
2761,16.0,37298.0,2007,48391.0
2762,6.2,58693.0,2007,48393.0
2763,19.7,35543.0,2007,48395.0
2764,5.0,79492.0,2007,48397.0
2765,19.3,33874.0,2007,48399.0
2766,13.1,41906.0,2007,48401.0
2767,16.1,34555.0,2007,48403.0
2768,21.8,30458.0,2007,48405.0
2769,17.2,39463.0,2007,48407.0
2770,17.4,40506.0,2007,48409.0
2771,19.8,34908.0,2007,48411.0
2772,14.7,41675.0,2007,48413.0
2773,17.2,44272.0,2007,48415.0
2774,12.3,40294.0,2007,48417.0
2775,18.8,33420.0,2007,48419.0
2776,14.1,38573.0,2007,48421.0
2777,14.3,44699.0,2007,48423.0
2778,9.2,49443.0,2007,48425.0
2779,32.2,23070.0,2007,48427.0
2780,18.5,35867.0,2007,48429.0
2781,12.8,44622.0,2007,48431.0
2782,17.5,35541.0,2007,48433.0
2783,14.1,48918.0,2007,48435.0
2784,18.6,32382.0,2007,48437.0
2785,12.2,53518.0,2007,48439.0
2786,16.2,39865.0,2007,48441.0
2787,20.1,31759.0,2007,48443.0
2788,23.1,33602.0,2007,48445.0
2789,14.4,34057.0,2007,48447.0
2790,14.6,37913.0,2007,48449.0
2791,15.9,40104.0,2007,48451.0
2792,14.6,53209.0,2007,48453.0
2793,18.0,33064.0,2007,48455.0
2794,18.8,36275.0,2007,48457.0
2795,15.7,40616.0,2007,48459.0
2796,15.2,40526.0,2007,48461.0
2797,23.9,32881.0,2007,48463.0
2798,25.0,34533.0,2007,48465.0
2799,14.3,42822.0,2007,48467.0
2800,16.2,45436.0,2007,48469.0
2801,24.2,34927.0,2007,48471.0
2802,19.9,46990.0,2007,48473.0
2803,15.6,40080.0,2007,48475.0
2804,14.3,44971.0,2007,48477.0
2805,30.4,33696.0,2007,48479.0
2806,15.7,40185.0,2007,48481.0
2807,12.3,39603.0,2007,48483.0
2808,15.6,39939.0,2007,48485.0
2809,15.4,35864.0,2007,48487.0
2810,39.9,24961.0,2007,48489.0
2811,6.0,68320.0,2007,48491.0
2812,11.0,55593.0,2007,48493.0
2813,15.8,42548.0,2007,48495.0
2814,9.7,54105.0,2007,48497.0
2815,11.9,40592.0,2007,48499.0
2816,17.0,45704.0,2007,48501.0
2817,16.8,39007.0,2007,48503.0
2818,33.4,30017.0,2007,48505.0
2819,40.7,21346.0,2007,48507.0
2821,9.5,39465.0,2007,49001.0
2822,8.3,52615.0,2007,49003.0
2823,12.9,46883.0,2007,49005.0
2824,15.4,41981.0,2007,49007.0
2825,7.5,41629.0,2007,49009.0
2826,6.3,65767.0,2007,49011.0
2827,12.0,49374.0,2007,49013.0
2828,11.4,48191.0,2007,49015.0
2829,10.6,41553.0,2007,49017.0
2830,14.8,39219.0,2007,49019.0
2831,19.3,40250.0,2007,49021.0
2832,10.0,50048.0,2007,49023.0
2833,9.4,42268.0,2007,49025.0
2834,12.7,44948.0,2007,49027.0
2835,4.2,68174.0,2007,49029.0
2836,16.2,34610.0,2007,49031.0
2837,9.0,49889.0,2007,49033.0
2838,9.0,56378.0,2007,49035.0
2839,31.6,34561.0,2007,49037.0
2840,14.1,40706.0,2007,49039.0
2841,12.6,45415.0,2007,49041.0
2842,5.0,80431.0,2007,49043.0
2843,6.9,63632.0,2007,49045.0
2844,10.8,56265.0,2007,49047.0
2845,11.4,57133.0,2007,49049.0
2846,5.9,60888.0,2007,49051.0
2847,8.9,47097.0,2007,49053.0
2848,11.4,49817.0,2007,49055.0
2849,10.5,52275.0,2007,49057.0
2851,9.9,54205.0,2007,50001.0
2852,10.7,46672.0,2007,50003.0
2853,13.8,41034.0,2007,50005.0
2854,7.8,57677.0,2007,50007.0
2855,13.5,35986.0,2007,50009.0
2856,9.8,51495.0,2007,50011.0
2857,8.9,53199.0,2007,50013.0
2858,10.5,48045.0,2007,50015.0
2859,10.2,47437.0,2007,50017.0
2860,15.7,37566.0,2007,50019.0
2861,11.0,42028.0,2007,50021.0
2862,10.1,52504.0,2007,50023.0
2863,10.7,43759.0,2007,50025.0
2864,9.4,50609.0,2007,50027.0
2866,16.8,36616.0,2007,51001.0
2867,8.5,63619.0,2007,51003.0
2868,11.9,41530.0,2007,51005.0
2869,9.1,52421.0,2007,51007.0
2870,12.2,43890.0,2007,51009.0
2871,12.6,41089.0,2007,51011.0
2872,6.5,92345.0,2007,51013.0
2873,7.2,50887.0,2007,51015.0
2874,8.5,42316.0,2007,51017.0
2875,8.9,53823.0,2007,51019.0
2876,13.5,38175.0,2007,51021.0
2877,6.2,58744.0,2007,51023.0
2878,21.3,35160.0,2007,51025.0
2879,21.7,28922.0,2007,51027.0
2880,19.3,36315.0,2007,51029.0
2881,11.6,43641.0,2007,51031.0
2882,9.2,51498.0,2007,51033.0
2883,13.9,35823.0,2007,51035.0
2884,10.6,48113.0,2007,51036.0
2885,18.1,34271.0,2007,51037.0
2886,5.8,69583.0,2007,51041.0
2887,6.3,64149.0,2007,51043.0
2888,10.3,48319.0,2007,51045.0
2889,8.3,60341.0,2007,51047.0
2890,14.9,38953.0,2007,51049.0
2891,21.3,29320.0,2007,51051.0
2892,11.0,47395.0,2007,51053.0
2893,12.1,43637.0,2007,51057.0
2894,4.9,104984.0,2007,51059.0
2895,5.7,81404.0,2007,51061.0
2896,12.9,39478.0,2007,51063.0
2897,7.0,57038.0,2007,51065.0
2898,11.5,45238.0,2007,51067.0
2899,6.6,64192.0,2007,51069.0
2900,11.4,41186.0,2007,51071.0
2901,8.4,56123.0,2007,51073.0
2902,8.5,74747.0,2007,51075.0
2903,17.6,31155.0,2007,51077.0
2904,7.4,58476.0,2007,51079.0
2905,19.9,37509.0,2007,51081.0
2906,18.6,32490.0,2007,51083.0
2907,5.1,75046.0,2007,51085.0
2908,8.5,58194.0,2007,51087.0
2909,16.1,35349.0,2007,51089.0
2910,12.8,36521.0,2007,51091.0
2911,8.3,58840.0,2007,51093.0
2912,5.7,70487.0,2007,51095.0
2913,12.1,43191.0,2007,51097.0
2914,6.2,68824.0,2007,51099.0
2915,6.3,62052.0,2007,51101.0
2916,12.9,42392.0,2007,51103.0
2917,22.9,29365.0,2007,51105.0
2918,3.0,107200.0,2007,51107.0
2919,9.7,52514.0,2007,51109.0
2920,19.3,33777.0,2007,51111.0
2921,9.8,50135.0,2007,51113.0
2922,8.1,54431.0,2007,51115.0
2923,16.0,36266.0,2007,51117.0
2924,12.2,45583.0,2007,51119.0
2925,19.9,42029.0,2007,51121.0
2926,11.4,46001.0,2007,51125.0
2927,5.3,68437.0,2007,51127.0
2928,20.8,33950.0,2007,51131.0
2929,13.6,45085.0,2007,51133.0
2930,19.9,37276.0,2007,51135.0
2931,8.6,53238.0,2007,51137.0
2932,12.2,40295.0,2007,51139.0
2933,15.0,33583.0,2007,51141.0
2934,12.1,38519.0,2007,51143.0
2935,5.8,71263.0,2007,51145.0
2936,20.3,36481.0,2007,51147.0
2937,9.3,59780.0,2007,51149.0
2938,5.0,86294.0,2007,51153.0
2939,14.1,40427.0,2007,51155.0
2940,7.8,60540.0,2007,51157.0
2941,17.7,40196.0,2007,51159.0
2942,6.0,59060.0,2007,51161.0
2943,10.4,43654.0,2007,51163.0
2944,8.3,49346.0,2007,51165.0
2945,18.4,33682.0,2007,51167.0
2946,18.1,31044.0,2007,51169.0
2947,9.0,48067.0,2007,51171.0
2948,17.1,35970.0,2007,51173.0
2949,15.0,43589.0,2007,51175.0
2950,6.0,74374.0,2007,51177.0
2951,4.2,86865.0,2007,51179.0
2952,11.0,45659.0,2007,51181.0
2953,20.4,35835.0,2007,51183.0
2954,17.8,34702.0,2007,51185.0
2955,9.0,55262.0,2007,51187.0
2956,14.8,39148.0,2007,51191.0
2957,12.4,47823.0,2007,51193.0
2958,21.6,32175.0,2007,51195.0
2959,12.2,38032.0,2007,51197.0
2960,4.1,78234.0,2007,51199.0
2961,8.3,78767.0,2007,51510.0
2962,17.0,33776.0,2007,51515.0
2963,18.3,33429.0,2007,51520.0
2964,15.4,38418.0,2007,51530.0
2965,23.6,37195.0,2007,51540.0
2966,8.0,63016.0,2007,51550.0
2967,7.4,47860.0,2007,51570.0
2968,14.5,34907.0,2007,51580.0
2969,22.8,29553.0,2007,51590.0
2970,18.8,34482.0,2007,51595.0
2971,5.5,88968.0,2007,51600.0
2972,3.0,105456.0,2007,51610.0
2973,18.4,36788.0,2007,51620.0
2974,13.0,42954.0,2007,51630.0
2975,19.0,32676.0,2007,51640.0
2976,15.0,46462.0,2007,51650.0
2977,26.7,37118.0,2007,51660.0
2978,15.0,39871.0,2007,51670.0
2979,20.1,38217.0,2007,51678.0
2980,19.4,36374.0,2007,51680.0
2981,8.9,73853.0,2007,51683.0
2982,6.2,63681.0,2007,51685.0
2983,20.3,31823.0,2007,51690.0
2984,14.7,44887.0,2007,51700.0
2985,17.9,40295.0,2007,51710.0
2986,20.6,30654.0,2007,51720.0
2987,19.1,34630.0,2007,51730.0
2988,4.7,78191.0,2007,51735.0
2989,15.6,42940.0,2007,51740.0
2990,30.9,33012.0,2007,51750.0
2991,22.4,38301.0,2007,51760.0
2992,16.9,37103.0,2007,51770.0
2993,8.3,46891.0,2007,51775.0
2994,14.9,39166.0,2007,51790.0
2995,10.9,57546.0,2007,51800.0
2996,6.6,61234.0,2007,51810.0
2997,15.3,42771.0,2007,51820.0
2998,20.0,43777.0,2007,51830.0
2999,12.0,44808.0,2007,51840.0
3001,18.3,38463.0,2007,53001.0
3002,14.1,42665.0,2007,53003.0
3003,10.9,53129.0,2007,53005.0
3004,12.6,45271.0,2007,53007.0
3005,11.9,42395.0,2007,53009.0
3006,9.5,58167.0,2007,53011.0
3007,14.3,39699.0,2007,53013.0
3008,15.4,44814.0,2007,53015.0
3009,12.8,43049.0,2007,53017.0
3010,20.9,35121.0,2007,53019.0
3011,15.5,47041.0,2007,53021.0
3012,14.0,39649.0,2007,53023.0
3013,17.1,41890.0,2007,53025.0
3014,14.9,41655.0,2007,53027.0
3015,8.4,57107.0,2007,53029.0
3016,10.9,45307.0,2007,53031.0
3017,9.9,66969.0,2007,53033.0
3018,8.9,57875.0,2007,53035.0
3019,18.6,41966.0,2007,53037.0
3020,15.7,42369.0,2007,53039.0
3021,14.2,43223.0,2007,53041.0
3022,11.7,41954.0,2007,53043.0
3023,12.2,47200.0,2007,53045.0
3024,23.0,35850.0,2007,53047.0
3025,16.0,37501.0,2007,53049.0
3026,15.9,39352.0,2007,53051.0
3027,11.1,55680.0,2007,53053.0
3028,9.9,52118.0,2007,53055.0
3029,11.9,51486.0,2007,53057.0
3030,11.9,48932.0,2007,53059.0
3031,8.0,65394.0,2007,53061.0
3032,13.1,46308.0,2007,53063.0
3033,16.5,41861.0,2007,53065.0
3034,9.5,57682.0,2007,53067.0
3035,9.8,41482.0,2007,53069.0
3036,17.4,44167.0,2007,53071.0
3037,15.1,47406.0,2007,53073.0
3038,26.7,36538.0,2007,53075.0
3039,19.7,41949.0,2007,53077.0
3041,23.1,28826.0,2007,54001.0
3042,10.1,52566.0,2007,54003.0
3043,18.2,35654.0,2007,54005.0
3044,22.3,31616.0,2007,54007.0
3045,12.2,39601.0,2007,54009.0
3046,19.3,33265.0,2007,54011.0
3047,22.1,27791.0,2007,54013.0
3048,23.8,28630.0,2007,54015.0
3049,17.8,34145.0,2007,54017.0
3050,23.9,30312.0,2007,54019.0
3051,22.8,34355.0,2007,54021.0
3052,14.9,36361.0,2007,54023.0
3053,17.9,33163.0,2007,54025.0
3054,16.3,36217.0,2007,54027.0
3055,12.7,39378.0,2007,54029.0
3056,12.9,37336.0,2007,54031.0
3057,18.8,38063.0,2007,54033.0
3058,15.7,40978.0,2007,54035.0
3059,8.3,61219.0,2007,54037.0
3060,14.0,40931.0,2007,54039.0
3061,18.7,34223.0,2007,54041.0
3062,25.2,30694.0,2007,54043.0
3063,22.2,32251.0,2007,54045.0
3064,34.7,21903.0,2007,54047.0
3065,16.0,38000.0,2007,54049.0
3066,16.6,33804.0,2007,54051.0
3067,17.9,34635.0,2007,54053.0
3068,21.8,31898.0,2007,54055.0
3069,15.5,35929.0,2007,54057.0
3070,24.9,30139.0,2007,54059.0
3071,16.4,40889.0,2007,54061.0
3072,14.8,35034.0,2007,54063.0
3073,10.9,44162.0,2007,54065.0
3074,18.9,38813.0,2007,54067.0
3075,16.9,38757.0,2007,54069.0
3076,13.8,36019.0,2007,54071.0
3077,13.4,40539.0,2007,54073.0
3078,15.7,31832.0,2007,54075.0
3079,16.5,35567.0,2007,54077.0
3080,10.2,49713.0,2007,54079.0
3081,16.7,37261.0,2007,54081.0
3082,19.1,33472.0,2007,54083.0
3083,17.1,34329.0,2007,54085.0
3084,22.8,30175.0,2007,54087.0
3085,24.7,27021.0,2007,54089.0
3086,18.0,34804.0,2007,54091.0
3087,16.4,32755.0,2007,54093.0
3088,18.7,35271.0,2007,54095.0
3089,20.3,34687.0,2007,54097.0
3090,20.3,36298.0,2007,54099.0
3091,25.2,27521.0,2007,54101.0
3092,16.4,36397.0,2007,54103.0
3093,18.7,36850.0,2007,54105.0
3094,16.4,39910.0,2007,54107.0
3095,23.5,30762.0,2007,54109.0
3097,14.4,38516.0,2007,55001.0
3098,17.5,35810.0,2007,55003.0
3099,11.9,43347.0,2007,55005.0
3100,11.5,42380.0,2007,55007.0
3101,10.3,52452.0,2007,55009.0
3102,8.9,43448.0,2007,55011.0
3103,13.2,40453.0,2007,55013.0
3104,5.3,60714.0,2007,55015.0
3105,10.2,47904.0,2007,55017.0
3106,11.5,41485.0,2007,55019.0
3107,7.0,55391.0,2007,55021.0
3108,11.7,41072.0,2007,55023.0
3109,10.9,60794.0,2007,55025.0
3110,8.3,51619.0,2007,55027.0
3111,7.4,48147.0,2007,55029.0
3112,14.6,38787.0,2007,55031.0
3113,14.0,46351.0,2007,55033.0
3114,13.0,44567.0,2007,55035.0
3115,11.6,40526.0,2007,55037.0
3116,8.4,50713.0,2007,55039.0
3117,16.5,34927.0,2007,55041.0
3118,11.7,42830.0,2007,55043.0
3119,7.7,50806.0,2007,55045.0
3120,9.1,47773.0,2007,55047.0
3121,8.5,51234.0,2007,55049.0
3122,11.6,36192.0,2007,55051.0
3123,13.1,44226.0,2007,55053.0
3124,7.1,54727.0,2007,55055.0
3125,11.6,44485.0,2007,55057.0
3126,11.8,53501.0,2007,55059.0
3127,7.3,53356.0,2007,55061.0
3128,13.2,48139.0,2007,55063.0
3129,9.0,46770.0,2007,55065.0
3130,11.7,39916.0,2007,55067.0
3131,9.9,46495.0,2007,55069.0
3132,8.6,48175.0,2007,55071.0
3133,8.0,53470.0,2007,55073.0
3134,11.2,44539.0,2007,55075.0
3135,10.2,42571.0,2007,55077.0
3136,34.1,31448.0,2007,55078.0
3137,18.2,42865.0,2007,55079.0
3138,12.8,44969.0,2007,55081.0
3139,9.9,47886.0,2007,55083.0
3140,9.8,44644.0,2007,55085.0
3141,6.7,57443.0,2007,55087.0
3142,4.5,75938.0,2007,55089.0
3143,10.6,45296.0,2007,55091.0
3144,7.3,59405.0,2007,55093.0
3145,8.7,48402.0,2007,55095.0
3146,12.1,50494.0,2007,55097.0
3147,11.1,40346.0,2007,55099.0
3148,9.2,52272.0,2007,55101.0
3149,11.5,42828.0,2007,55103.0
3150,10.7,49276.0,2007,55105.0
3151,14.4,36955.0,2007,55107.0
3152,5.3,66731.0,2007,55109.0
3153,9.1,48262.0,2007,55111.0
3154,12.3,39558.0,2007,55113.0
3155,10.7,44972.0,2007,55115.0
3156,7.9,52727.0,2007,55117.0
3157,11.1,44096.0,2007,55119.0
3158,9.5,46543.0,2007,55121.0
3159,13.6,43267.0,2007,55123.0
3160,10.5,41184.0,2007,55125.0
3161,9.6,54084.0,2007,55127.0
3162,12.4,40316.0,2007,55129.0
3163,5.2,66064.0,2007,55131.0
3164,4.1,72432.0,2007,55133.0
3165,8.9,47515.0,2007,55135.0
3166,12.6,41297.0,2007,55137.0
3167,9.3,50767.0,2007,55139.0
3168,9.1,50077.0,2007,55141.0
3170,16.2,42118.0,2007,56001.0
3171,9.9,47712.0,2007,56003.0
3172,5.9,77830.0,2007,56005.0
3173,10.2,48358.0,2007,56007.0
3174,9.4,53751.0,2007,56009.0
3175,7.5,49890.0,2007,56011.0
3176,12.7,45451.0,2007,56013.0
3177,14.8,38879.0,2007,56015.0
3178,11.0,40709.0,2007,56017.0
3179,8.0,47259.0,2007,56019.0
3180,8.2,51658.0,2007,56021.0
3181,7.9,54731.0,2007,56023.0
3182,9.9,46681.0,2007,56025.0
3183,12.6,43485.0,2007,56027.0
3184,11.5,43840.0,2007,56029.0
3185,12.0,42770.0,2007,56031.0
3186,8.6,45613.0,2007,56033.0
3187,5.3,63038.0,2007,56035.0
3188,7.4,66235.0,2007,56037.0
3189,4.9,72696.0,2007,56039.0
3190,9.8,57858.0,2007,56041.0
3191,10.2,50886.0,2007,56043.0
3192,8.8,47853.0,2007,56045.0
