,poverty_rate,per_capita_income_2006,fips,year
2,12.5,46491.0,1001.0,2006
3,11.0,45493.0,1003.0,2006
4,28.7,28692.0,1005.0,2006
5,18.8,36794.0,1007.0,2006
6,12.8,41494.0,1009.0,2006
7,32.9,23095.0,1011.0,2006
8,22.8,29158.0,1013.0,2006
9,17.6,36684.0,1015.0,2006
10,18.3,32014.0,1017.0,2006
11,18.1,37097.0,1019.0,2006
12,19.0,36717.0,1021.0,2006
13,23.5,28730.0,1023.0,2006
14,25.6,29659.0,1025.0,2006
15,15.6,32512.0,1027.0,2006
16,15.9,35119.0,1029.0,2006
17,14.2,41417.0,1031.0,2006
18,14.4,36690.0,1033.0,2006
19,26.3,25992.0,1035.0,2006
20,16.7,32424.0,1037.0,2006
21,16.9,30293.0,1039.0,2006
22,20.0,30576.0,1041.0,2006
23,15.7,35774.0,1043.0,2006
24,16.9,36969.0,1045.0,2006
25,28.2,26135.0,1047.0,2006
26,17.1,31613.0,1049.0,2006
27,13.0,50006.0,1051.0,2006
28,22.4,32844.0,1053.0,2006
29,16.7,32448.0,1055.0,2006
30,16.7,34465.0,1057.0,2006
31,17.0,30911.0,1059.0,2006
32,19.5,30230.0,1061.0,2006
33,33.2,23404.0,1063.0,2006
34,24.9,29268.0,1065.0,2006
35,17.8,35398.0,1067.0,2006
36,16.3,37415.0,1069.0,2006
37,15.5,37545.0,1071.0,2006
38,14.3,41731.0,1073.0,2006
39,18.4,31891.0,1075.0,2006
40,17.1,37801.0,1077.0,2006
41,14.6,37501.0,1079.0,2006
42,18.7,37568.0,1081.0,2006
43,14.0,44253.0,1083.0,2006
44,28.0,26390.0,1085.0,2006
45,30.2,24467.0,1087.0,2006
46,11.2,51434.0,1089.0,2006
47,26.2,30515.0,1091.0,2006
48,17.1,32792.0,1093.0,2006
49,17.5,37142.0,1095.0,2006
50,19.1,38188.0,1097.0,2006
51,22.0,32163.0,1099.0,2006
52,18.6,40922.0,1101.0,2006
53,16.0,40681.0,1103.0,2006
54,32.3,22637.0,1105.0,2006
55,23.0,29737.0,1107.0,2006
56,28.1,29269.0,1109.0,2006
57,17.5,32984.0,1111.0,2006
58,23.9,30627.0,1113.0,2006
59,10.4,45549.0,1115.0,2006
60,7.2,66476.0,1117.0,2006
61,30.8,23130.0,1119.0,2006
62,18.4,35524.0,1121.0,2006
63,18.9,32939.0,1123.0,2006
64,19.7,37952.0,1125.0,2006
65,17.0,35123.0,1127.0,2006
66,20.1,33896.0,1129.0,2006
67,35.5,19949.0,1131.0,2006
68,18.7,31869.0,1133.0,2006
70,15.2,46164.0,2013.0,2006
71,9.6,64142.0,2016.0,2006
72,9.4,63392.0,2020.0,2006
73,21.2,41156.0,2050.0,2006
74,8.5,61445.0,2060.0,2006
75,6.3,60832.0,2068.0,2006
76,21.1,47179.0,2070.0,2006
77,9.1,57914.0,2090.0,2006
78,13.3,43893.0,2100.0,2006
79,7.0,67791.0,2110.0,2006
80,11.0,54281.0,2122.0,2006
81,9.6,58720.0,2130.0,2006
82,8.7,59814.0,2150.0,2006
83,21.1,37632.0,2164.0,2006
84,11.0,59733.0,2170.0,2006
85,23.1,44737.0,2180.0,2006
86,13.7,65081.0,2185.0,2006
87,22.2,48642.0,2188.0,2006
88,15.4,42667.0,2201.0,2006
89,8.2,54050.0,2220.0,2006
90,13.7,45027.0,2232.0,2006
91,14.3,50477.0,2240.0,2006
92,10.1,56508.0,2261.0,2006
93,32.5,29608.0,2270.0,2006
94,9.9,54054.0,2280.0,2006
95,14.2,47723.0,2282.0,2006
96,24.1,31093.0,2290.0,2006
98,34.5,27600.0,4001.0,2006
99,18.0,38825.0,4003.0,2006
100,16.8,43683.0,4005.0,2006
101,20.0,35716.0,4007.0,2006
102,23.4,34618.0,4009.0,2006
103,10.9,46728.0,4011.0,2006
104,21.0,29534.0,4012.0,2006
105,12.5,52522.0,4013.0,2006
106,16.0,36320.0,4015.0,2006
107,24.4,35824.0,4017.0,2006
108,15.3,43002.0,4019.0,2006
109,15.2,43627.0,4021.0,2006
110,21.8,34620.0,4023.0,2006
111,12.4,40923.0,4025.0,2006
112,19.0,37154.0,4027.0,2006
114,20.1,33926.0,5001.0,2006
115,19.5,33595.0,5003.0,2006
116,14.5,33474.0,5005.0,2006
117,10.5,46447.0,5007.0,2006
118,14.9,35968.0,5009.0,2006
119,26.1,28478.0,5011.0,2006
120,18.1,33385.0,5013.0,2006
121,18.6,30763.0,5015.0,2006
122,33.4,23599.0,5017.0,2006
123,24.5,32491.0,5019.0,2006
124,21.0,27861.0,5021.0,2006
125,15.8,36420.0,5023.0,2006
126,15.1,40135.0,5025.0,2006
127,25.4,30743.0,5027.0,2006
128,16.1,35697.0,5029.0,2006
129,16.7,38239.0,5031.0,2006
130,16.8,38129.0,5033.0,2006
131,24.9,33331.0,5035.0,2006
132,19.0,32486.0,5037.0,2006
133,21.9,30228.0,5039.0,2006
134,31.4,26881.0,5041.0,2006
135,19.1,32826.0,5043.0,2006
136,13.4,42757.0,5045.0,2006
137,16.4,34838.0,5047.0,2006
138,20.0,29018.0,5049.0,2006
139,16.9,34434.0,5051.0,2006
140,11.8,46627.0,5053.0,2006
141,16.0,35151.0,5055.0,2006
142,23.0,30292.0,5057.0,2006
143,14.8,35237.0,5059.0,2006
144,18.6,32299.0,5061.0,2006
145,14.5,34620.0,5063.0,2006
146,20.3,30541.0,5065.0,2006
147,26.1,27271.0,5067.0,2006
148,23.8,33989.0,5069.0,2006
149,19.0,29915.0,5071.0,2006
150,23.2,27437.0,5073.0,2006
151,21.7,28437.0,5075.0,2006
152,36.5,22725.0,5077.0,2006
153,25.1,34024.0,5079.0,2006
154,19.1,32688.0,5081.0,2006
155,17.2,32257.0,5083.0,2006
156,12.2,48798.0,5085.0,2006
157,18.7,32932.0,5087.0,2006
158,16.8,31697.0,5089.0,2006
159,17.3,38860.0,5091.0,2006
160,27.8,29984.0,5093.0,2006
161,26.5,25592.0,5095.0,2006
162,19.4,31069.0,5097.0,2006
163,19.8,30646.0,5099.0,2006
164,23.0,28356.0,5101.0,2006
165,21.2,31770.0,5103.0,2006
166,18.2,35430.0,5105.0,2006
167,35.4,24102.0,5107.0,2006
168,19.1,30434.0,5109.0,2006
169,22.8,29943.0,5111.0,2006
170,20.3,30194.0,5113.0,2006
171,17.5,37644.0,5115.0,2006
172,18.0,31732.0,5117.0,2006
173,14.2,43338.0,5119.0,2006
174,19.6,28497.0,5121.0,2006
175,29.8,30125.0,5123.0,2006
176,10.6,48287.0,5125.0,2006
177,20.6,30543.0,5127.0,2006
178,26.7,24142.0,5129.0,2006
179,15.2,37862.0,5131.0,2006
180,20.5,31363.0,5133.0,2006
181,19.7,29436.0,5135.0,2006
182,21.6,25687.0,5137.0,2006
183,20.5,34152.0,5139.0,2006
184,18.6,29766.0,5141.0,2006
185,15.1,41505.0,5143.0,2006
186,15.6,36864.0,5145.0,2006
187,28.1,24147.0,5147.0,2006
188,17.1,32302.0,5149.0,2006
190,11.1,64285.0,6001.0,2006
191,16.4,47515.0,6003.0,2006
192,9.0,50528.0,6005.0,2006
193,16.7,40023.0,6007.0,2006
194,10.8,52745.0,6009.0,2006
195,13.7,40240.0,6011.0,2006
196,7.9,74058.0,6013.0,2006
197,21.8,33765.0,6015.0,2006
198,7.6,67605.0,6017.0,2006
199,20.8,42433.0,6019.0,2006
200,17.8,38093.0,6021.0,2006
201,18.0,38796.0,6023.0,2006
202,19.4,36275.0,6025.0,2006
203,11.5,41366.0,6027.0,2006
204,20.5,42709.0,6029.0,2006
205,21.3,42070.0,6031.0,2006
206,17.1,36174.0,6033.0,2006
207,15.6,45668.0,6035.0,2006
208,15.4,51279.0,6037.0,2006
209,21.1,39919.0,6039.0,2006
210,8.3,81305.0,6041.0,2006
211,13.4,40930.0,6043.0,2006
212,16.8,39847.0,6045.0,2006
213,20.7,40447.0,6047.0,2006
214,18.7,31610.0,6049.0,2006
215,9.7,51135.0,6051.0,2006
216,11.6,54273.0,6053.0,2006
217,10.3,63586.0,6055.0,2006
218,7.9,52141.0,6057.0,2006
219,9.8,70109.0,6059.0,2006
220,5.7,69982.0,6061.0,2006
221,10.8,46527.0,6063.0,2006
222,12.2,53269.0,6065.0,2006
223,12.1,53689.0,6067.0,2006
224,9.6,66941.0,6069.0,2006
225,13.8,52686.0,6071.0,2006
226,11.7,59279.0,6073.0,2006
227,12.1,64648.0,6075.0,2006
228,14.4,51691.0,6077.0,2006
229,13.1,50202.0,6079.0,2006
230,7.2,77717.0,6081.0,2006
231,15.8,53382.0,6083.0,2006
232,9.0,80775.0,6085.0,2006
233,11.9,60863.0,6087.0,2006
234,16.7,42813.0,6089.0,2006
235,11.4,43405.0,6091.0,2006
236,17.6,34329.0,6093.0,2006
237,10.4,61529.0,6095.0,2006
238,9.6,60656.0,6097.0,2006
239,14.4,48252.0,6099.0,2006
240,13.3,47174.0,6101.0,2006
241,17.6,35639.0,6103.0,2006
242,16.6,33070.0,6105.0,2006
243,21.6,41117.0,6107.0,2006
244,11.4,44991.0,6109.0,2006
245,9.0,71807.0,6111.0,2006
246,16.9,50027.0,6113.0,2006
247,19.0,37558.0,6115.0,2006
249,12.5,50930.0,8001.0,2006
250,22.8,33726.0,8003.0,2006
251,10.3,55804.0,8005.0,2006
252,10.5,46904.0,8007.0,2006
253,17.8,29443.0,8009.0,2006
254,24.3,30475.0,8011.0,2006
255,11.1,62322.0,8013.0,2006
256,5.8,71714.0,8014.0,2006
257,13.1,39263.0,8015.0,2006
258,13.4,37794.0,8017.0,2006
259,7.3,61744.0,8019.0,2006
260,24.0,28591.0,8021.0,2006
261,29.5,23000.0,8023.0,2006
262,35.6,28375.0,8025.0,2006
263,13.0,41811.0,8027.0,2006
264,13.7,37343.0,8029.0,2006
265,19.7,41357.0,8031.0,2006
266,13.9,35877.0,8033.0,2006
267,2.5,93273.0,8035.0,2006
268,7.3,65923.0,8037.0,2006
269,5.3,75374.0,8039.0,2006
270,9.3,53234.0,8041.0,2006
271,16.9,37831.0,8043.0,2006
272,7.6,59503.0,8045.0,2006
273,5.6,60235.0,8047.0,2006
274,7.8,54619.0,8049.0,2006
275,13.7,41434.0,8051.0,2006
276,9.1,42406.0,8053.0,2006
277,25.5,28778.0,8055.0,2006
278,16.1,36073.0,8057.0,2006
279,7.0,60784.0,8059.0,2006
280,13.2,33032.0,8061.0,2006
281,13.7,38751.0,8063.0,2006
282,13.9,40443.0,8065.0,2006
283,11.5,50561.0,8067.0,2006
284,12.1,54241.0,8069.0,2006
285,16.4,35008.0,8071.0,2006
286,17.9,35524.0,8073.0,2006
287,12.7,37885.0,8075.0,2006
288,12.4,42791.0,8077.0,2006
289,10.0,42228.0,8079.0,2006
290,10.1,50285.0,8081.0,2006
291,18.0,37389.0,8083.0,2006
292,12.5,42016.0,8085.0,2006
293,13.8,40266.0,8087.0,2006
294,19.4,33310.0,8089.0,2006
295,8.0,51747.0,8091.0,2006
296,7.6,60208.0,8093.0,2006
297,11.2,36380.0,8095.0,2006
298,5.6,67950.0,8097.0,2006
299,20.4,32003.0,8099.0,2006
300,17.0,36999.0,8101.0,2006
301,9.8,47150.0,8103.0,2006
302,16.6,35842.0,8105.0,2006
303,6.5,61128.0,8107.0,2006
304,26.4,28213.0,8109.0,2006
305,16.9,34987.0,8111.0,2006
306,9.4,54850.0,8113.0,2006
307,12.8,30763.0,8115.0,2006
308,7.1,60332.0,8117.0,2006
309,8.1,57686.0,8119.0,2006
310,13.0,34115.0,8121.0,2006
311,14.3,52037.0,8123.0,2006
312,13.5,38067.0,8125.0,2006
314,6.8,76378.0,9001.0,2006
315,9.8,58608.0,9003.0,2006
316,6.0,66113.0,9005.0,2006
317,6.5,68764.0,9007.0,2006
318,9.9,56755.0,9009.0,2006
319,6.7,59398.0,9011.0,2006
320,5.9,69458.0,9013.0,2006
321,9.3,53802.0,9015.0,2006
323,12.7,47635.0,10001.0,2006
324,9.9,58184.0,10003.0,2006
325,11.3,45798.0,10005.0,2006
327,18.1,51746.0,11001.0,2006
329,21.8,37046.0,12001.0,2006
330,14.7,44860.0,12003.0,2006
331,13.8,44058.0,12005.0,2006
332,16.3,38060.0,12007.0,2006
333,10.0,46415.0,12009.0,2006
334,11.2,50399.0,12011.0,2006
335,20.4,31397.0,12013.0,2006
336,8.5,43746.0,12015.0,2006
337,11.8,35563.0,12017.0,2006
338,6.8,59994.0,12019.0,2006
339,9.8,56135.0,12021.0,2006
340,18.2,37724.0,12023.0,2006
341,30.3,32754.0,12027.0,2006
342,22.6,28847.0,12029.0,2006
343,13.7,45770.0,12031.0,2006
344,15.9,41923.0,12033.0,2006
345,8.2,46685.0,12035.0,2006
346,18.5,33000.0,12037.0,2006
347,19.7,35136.0,12039.0,2006
348,17.6,36483.0,12041.0,2006
349,15.8,36040.0,12043.0,2006
350,19.2,36278.0,12045.0,2006
351,24.3,30399.0,12047.0,2006
352,22.0,33034.0,12049.0,2006
353,22.7,35235.0,12051.0,2006
354,12.0,39840.0,12053.0,2006
355,14.4,33242.0,12055.0,2006
356,12.8,46751.0,12057.0,2006
357,20.9,30794.0,12059.0,2006
358,10.5,45034.0,12061.0,2006
359,19.1,32879.0,12063.0,2006
360,18.1,39018.0,12065.0,2006
361,22.3,33234.0,12067.0,2006
362,10.2,42194.0,12069.0,2006
363,9.2,48674.0,12071.0,2006
364,18.7,41958.0,12073.0,2006
365,17.8,31966.0,12075.0,2006
366,19.4,33987.0,12077.0,2006
367,20.9,32113.0,12079.0,2006
368,11.4,45401.0,12081.0,2006
369,12.2,39550.0,12083.0,2006
370,8.7,51113.0,12085.0,2006
371,16.4,41178.0,12086.0,2006
372,11.5,50598.0,12087.0,2006
373,9.4,55496.0,12089.0,2006
374,9.6,52615.0,12091.0,2006
375,16.0,36866.0,12093.0,2006
376,11.9,48776.0,12095.0,2006
377,12.1,44277.0,12097.0,2006
378,10.6,51658.0,12099.0,2006
379,10.2,41700.0,12101.0,2006
380,12.3,41960.0,12103.0,2006
381,13.4,41176.0,12105.0,2006
382,22.1,31755.0,12107.0,2006
383,7.6,58306.0,12109.0,2006
384,12.6,44466.0,12111.0,2006
385,10.8,52453.0,12113.0,2006
386,9.0,48626.0,12115.0,2006
387,9.6,56655.0,12117.0,2006
388,13.1,42459.0,12119.0,2006
389,18.1,32847.0,12121.0,2006
390,20.6,34900.0,12123.0,2006
391,19.4,37740.0,12125.0,2006
392,12.9,40857.0,12127.0,2006
393,12.2,47672.0,12129.0,2006
394,13.3,42115.0,12131.0,2006
395,19.3,32982.0,12133.0,2006
397,18.8,34673.0,13001.0,2006
398,22.7,28853.0,13003.0,2006
399,20.1,30872.0,13005.0,2006
400,27.0,29889.0,13007.0,2006
401,22.1,36486.0,13009.0,2006
402,14.6,41553.0,13011.0,2006
403,11.2,49356.0,13013.0,2006
404,12.0,46720.0,13015.0,2006
405,27.1,28341.0,13017.0,2006
406,20.1,32915.0,13019.0,2006
407,21.1,36750.0,13021.0,2006
408,17.2,36909.0,13023.0,2006
409,19.7,36060.0,13025.0,2006
410,25.9,29434.0,13027.0,2006
411,10.5,60620.0,13029.0,2006
412,22.5,34153.0,13031.0,2006
413,23.4,30774.0,13033.0,2006
414,13.5,45817.0,13035.0,2006
415,32.4,26402.0,13037.0,2006
416,11.8,46754.0,13039.0,2006
417,25.3,29226.0,13043.0,2006
418,14.5,44025.0,13045.0,2006
419,10.4,45094.0,13047.0,2006
420,24.0,32488.0,13049.0,2006
421,17.6,40472.0,13051.0,2006
422,18.8,38906.0,13053.0,2006
423,18.5,33939.0,13055.0,2006
424,7.1,65555.0,13057.0,2006
425,32.2,31167.0,13059.0,2006
426,30.0,24726.0,13061.0,2006
427,14.6,42079.0,13063.0,2006
428,24.2,30143.0,13065.0,2006
429,9.8,61574.0,13067.0,2006
430,21.0,33705.0,13069.0,2006
431,25.3,29198.0,13071.0,2006
432,6.2,63457.0,13073.0,2006
433,22.2,29924.0,13075.0,2006
434,11.1,61939.0,13077.0,2006
435,16.7,41556.0,13079.0,2006
436,33.4,28294.0,13081.0,2006
437,13.3,40031.0,13083.0,2006
438,9.5,54705.0,13085.0,2006
439,25.1,30840.0,13087.0,2006
440,14.6,50427.0,13089.0,2006
441,20.3,30563.0,13091.0,2006
442,25.3,29781.0,13093.0,2006
443,27.9,31808.0,13095.0,2006
444,11.2,55332.0,13097.0,2006
445,25.6,28365.0,13099.0,2006
446,25.0,30393.0,13101.0,2006
447,9.7,53634.0,13103.0,2006
448,22.8,28130.0,13105.0,2006
449,26.2,27349.0,13107.0,2006
450,23.8,29894.0,13109.0,2006
451,14.6,35271.0,13111.0,2006
452,4.5,80537.0,13113.0,2006
453,17.1,39095.0,13115.0,2006
454,5.2,83491.0,13117.0,2006
455,15.5,35472.0,13119.0,2006
456,15.7,54452.0,13121.0,2006
457,16.8,38356.0,13123.0,2006
458,16.8,34177.0,13125.0,2006
459,17.1,47551.0,13127.0,2006
460,12.5,41326.0,13129.0,2006
461,22.2,32212.0,13131.0,2006
462,21.5,37890.0,13133.0,2006
463,9.0,63251.0,13135.0,2006
464,12.6,41402.0,13137.0,2006
465,13.4,46813.0,13139.0,2006
466,31.6,25521.0,13141.0,2006
467,16.8,36820.0,13143.0,2006
468,9.4,56454.0,13145.0,2006
469,21.5,36834.0,13147.0,2006
470,16.4,36298.0,13149.0,2006
471,8.1,61268.0,13151.0,2006
472,13.0,49154.0,13153.0,2006
473,20.4,31576.0,13155.0,2006
474,15.2,41290.0,13157.0,2006
475,15.4,42330.0,13159.0,2006
476,21.5,29341.0,13161.0,2006
477,21.9,28692.0,13163.0,2006
478,25.5,27140.0,13165.0,2006
479,27.5,26514.0,13167.0,2006
480,11.8,45598.0,13169.0,2006
481,17.2,38828.0,13171.0,2006
482,23.0,32193.0,13173.0,2006
483,24.8,36216.0,13175.0,2006
484,8.9,58127.0,13177.0,2006
485,16.8,37788.0,13179.0,2006
486,20.5,34454.0,13181.0,2006
487,20.4,34208.0,13183.0,2006
488,21.6,36225.0,13185.0,2006
489,13.1,44164.0,13187.0,2006
490,21.5,35099.0,13189.0,2006
491,19.5,34017.0,13191.0,2006
492,29.7,25975.0,13193.0,2006
493,15.5,40547.0,13195.0,2006
494,23.6,33286.0,13197.0,2006
495,19.6,37922.0,13199.0,2006
496,22.1,33328.0,13201.0,2006
497,25.3,28898.0,13205.0,2006
498,11.9,46375.0,13207.0,2006
499,20.4,33308.0,13209.0,2006
500,12.3,45034.0,13211.0,2006
501,13.8,41283.0,13213.0,2006
502,17.3,40406.0,13215.0,2006
503,11.8,49879.0,13217.0,2006
504,6.9,66586.0,13219.0,2006
505,14.5,40491.0,13221.0,2006
506,7.4,60993.0,13223.0,2006
507,22.1,37647.0,13225.0,2006
508,11.4,47987.0,13227.0,2006
509,18.7,34524.0,13229.0,2006
510,9.9,50756.0,13231.0,2006
511,15.5,37045.0,13233.0,2006
512,19.6,34285.0,13235.0,2006
513,15.1,40866.0,13237.0,2006
514,23.8,27332.0,13239.0,2006
515,13.8,38863.0,13241.0,2006
516,28.4,23863.0,13243.0,2006
517,19.4,35136.0,13245.0,2006
518,11.4,55386.0,13247.0,2006
519,18.0,35519.0,13249.0,2006
520,18.5,32592.0,13251.0,2006
521,24.6,30022.0,13253.0,2006
522,20.6,40483.0,13255.0,2006
523,18.8,33054.0,13257.0,2006
524,28.4,26433.0,13259.0,2006
525,23.0,31923.0,13261.0,2006
526,20.9,30212.0,13263.0,2006
527,26.6,25968.0,13265.0,2006
528,24.8,32389.0,13267.0,2006
529,26.6,27485.0,13269.0,2006
530,29.9,27176.0,13271.0,2006
531,29.7,28473.0,13273.0,2006
532,23.0,34630.0,13275.0,2006
533,20.6,36238.0,13277.0,2006
534,22.8,30188.0,13279.0,2006
535,13.1,37518.0,13281.0,2006
536,28.6,27611.0,13283.0,2006
537,18.4,38871.0,13285.0,2006
538,27.1,28267.0,13287.0,2006
539,20.2,34395.0,13289.0,2006
540,14.2,37945.0,13291.0,2006
541,19.7,33106.0,13293.0,2006
542,14.8,36334.0,13295.0,2006
543,10.5,53798.0,13297.0,2006
544,20.9,31944.0,13299.0,2006
545,24.9,30235.0,13301.0,2006
546,25.9,31183.0,13303.0,2006
547,19.2,36535.0,13305.0,2006
548,22.6,30972.0,13307.0,2006
549,29.3,27984.0,13309.0,2006
550,12.6,41804.0,13311.0,2006
551,13.9,41964.0,13313.0,2006
552,26.7,30133.0,13315.0,2006
553,20.4,30741.0,13317.0,2006
554,23.9,35063.0,13319.0,2006
555,20.2,35752.0,13321.0,2006
557,13.8,51454.0,15001.0,2006
558,8.5,62534.0,15003.0,2006
559,0.0,0.0,15005.0,2006
560,9.4,50764.0,15007.0,2006
561,9.8,57468.0,15009.0,2006
563,8.3,53909.0,16001.0,2006
564,14.6,33062.0,16003.0,2006
565,15.5,40919.0,16005.0,2006
566,12.5,37730.0,16007.0,2006
567,14.9,37736.0,16009.0,2006
568,13.9,40603.0,16011.0,2006
569,8.2,60028.0,16013.0,2006
570,13.3,45058.0,16015.0,2006
571,13.6,40456.0,16017.0,2006
572,12.3,46867.0,16019.0,2006
573,17.6,35207.0,16021.0,2006
574,15.4,36734.0,16023.0,2006
575,9.1,42243.0,16025.0,2006
576,14.2,41734.0,16027.0,2006
577,11.1,43219.0,16029.0,2006
578,15.3,37219.0,16031.0,2006
579,16.5,34599.0,16033.0,2006
580,17.5,37327.0,16035.0,2006
581,13.2,37377.0,16037.0,2006
582,13.6,40050.0,16039.0,2006
583,11.4,42311.0,16041.0,2006
584,13.8,42420.0,16043.0,2006
585,13.0,39709.0,16045.0,2006
586,16.2,36121.0,16047.0,2006
587,16.3,34271.0,16049.0,2006
588,11.5,43358.0,16051.0,2006
589,14.5,38146.0,16053.0,2006
590,12.0,41047.0,16055.0,2006
591,17.8,36961.0,16057.0,2006
592,15.9,33189.0,16059.0,2006
593,13.2,37008.0,16061.0,2006
594,12.3,37226.0,16063.0,2006
595,27.6,34251.0,16065.0,2006
596,14.7,35305.0,16067.0,2006
597,12.7,41925.0,16069.0,2006
598,12.5,40436.0,16071.0,2006
599,19.2,32753.0,16073.0,2006
600,14.6,40104.0,16075.0,2006
601,15.4,34336.0,16077.0,2006
602,19.5,32204.0,16079.0,2006
603,11.2,50736.0,16081.0,2006
604,14.1,39468.0,16083.0,2006
605,9.9,42582.0,16085.0,2006
606,16.5,32867.0,16087.0,2006
608,11.7,39859.0,17001.0,2006
609,26.7,28791.0,17003.0,2006
610,14.4,42307.0,17005.0,2006
611,8.8,56745.0,17007.0,2006
612,13.2,39239.0,17009.0,2006
613,10.8,42288.0,17011.0,2006
614,10.8,42035.0,17013.0,2006
615,10.3,40811.0,17015.0,2006
616,13.2,39485.0,17017.0,2006
617,19.2,43271.0,17019.0,2006
618,14.2,38553.0,17021.0,2006
619,11.9,40506.0,17023.0,2006
620,15.7,34216.0,17025.0,2006
621,8.6,49896.0,17027.0,2006
622,17.7,34542.0,17029.0,2006
623,15.4,50682.0,17031.0,2006
624,15.5,38876.0,17033.0,2006
625,11.9,42378.0,17035.0,2006
626,12.8,51326.0,17037.0,2006
627,11.3,44572.0,17039.0,2006
628,9.6,44845.0,17041.0,2006
629,5.0,73687.0,17043.0,2006
630,13.0,35926.0,17045.0,2006
631,11.7,38188.0,17047.0,2006
632,9.5,44214.0,17049.0,2006
633,17.9,35089.0,17051.0,2006
634,8.9,44025.0,17053.0,2006
635,19.1,32279.0,17055.0,2006
636,14.0,39258.0,17057.0,2006
637,19.1,30848.0,17059.0,2006
638,15.3,36479.0,17061.0,2006
639,5.7,63407.0,17063.0,2006
640,16.3,35471.0,17065.0,2006
641,10.8,40655.0,17067.0,2006
642,18.1,31690.0,17069.0,2006
643,11.5,38557.0,17071.0,2006
644,9.4,45169.0,17073.0,2006
645,9.3,43566.0,17075.0,2006
646,25.7,29495.0,17077.0,2006
647,11.8,39872.0,17079.0,2006
648,15.0,38393.0,17081.0,2006
649,9.0,48518.0,17083.0,2006
650,8.8,47329.0,17085.0,2006
651,17.1,38243.0,17087.0,2006
652,8.3,64109.0,17089.0,2006
653,14.1,49742.0,17091.0,2006
654,3.9,74542.0,17093.0,2006
655,15.6,37624.0,17095.0,2006
656,6.0,75161.0,17097.0,2006
657,11.2,46540.0,17099.0,2006
658,16.6,35975.0,17101.0,2006
659,10.3,44962.0,17103.0,2006
660,11.1,46752.0,17105.0,2006
661,11.5,45579.0,17107.0,2006
662,22.9,35050.0,17109.0,2006
663,5.3,72428.0,17111.0,2006
664,12.0,51515.0,17113.0,2006
665,16.4,41738.0,17115.0,2006
666,11.5,43159.0,17117.0,2006
667,12.2,47071.0,17119.0,2006
668,17.2,36899.0,17121.0,2006
669,9.4,44195.0,17123.0,2006
670,12.2,39544.0,17125.0,2006
671,13.7,37767.0,17127.0,2006
672,8.8,52013.0,17129.0,2006
673,9.2,46653.0,17131.0,2006
674,4.2,62190.0,17133.0,2006
675,13.0,38769.0,17135.0,2006
676,14.2,41861.0,17137.0,2006
677,10.1,43971.0,17139.0,2006
678,7.5,49648.0,17141.0,2006
679,13.7,45724.0,17143.0,2006
680,13.5,39408.0,17145.0,2006
681,7.3,52764.0,17147.0,2006
682,14.6,32932.0,17149.0,2006
683,17.6,34985.0,17151.0,2006
684,25.3,29444.0,17153.0,2006
685,7.4,53724.0,17155.0,2006
686,12.1,41702.0,17157.0,2006
687,14.4,36107.0,17159.0,2006
688,13.6,43527.0,17161.0,2006
689,13.0,46188.0,17163.0,2006
690,21.4,32755.0,17165.0,2006
691,12.4,48491.0,17167.0,2006
692,11.4,39557.0,17169.0,2006
693,11.9,42001.0,17171.0,2006
694,10.6,41953.0,17173.0,2006
695,10.6,41181.0,17175.0,2006
696,13.0,41407.0,17177.0,2006
697,8.8,50375.0,17179.0,2006
698,16.2,36708.0,17181.0,2006
699,17.6,38817.0,17183.0,2006
700,13.7,39223.0,17185.0,2006
701,13.3,40172.0,17187.0,2006
702,8.4,46949.0,17189.0,2006
703,13.9,35403.0,17191.0,2006
704,15.5,34565.0,17193.0,2006
705,10.9,43107.0,17195.0,2006
706,6.0,72863.0,17197.0,2006
707,15.8,37571.0,17199.0,2006
708,14.3,45319.0,17201.0,2006
709,6.4,60179.0,17203.0,2006
711,13.5,41976.0,18001.0,2006
712,11.6,45844.0,18003.0,2006
713,9.7,49681.0,18005.0,2006
714,9.1,43645.0,18007.0,2006
715,13.0,38185.0,18009.0,2006
716,6.0,63619.0,18011.0,2006
717,10.7,49151.0,18013.0,2006
718,8.4,45092.0,18015.0,2006
719,10.4,41701.0,18017.0,2006
720,11.9,42662.0,18019.0,2006
721,11.9,40860.0,18021.0,2006
722,11.9,44485.0,18023.0,2006
723,17.6,37240.0,18025.0,2006
724,14.5,39276.0,18027.0,2006
725,7.5,55086.0,18029.0,2006
726,10.5,44962.0,18031.0,2006
727,8.1,46561.0,18033.0,2006
728,19.8,35698.0,18035.0,2006
729,6.8,49399.0,18037.0,2006
730,10.8,47309.0,18039.0,2006
731,12.7,40957.0,18041.0,2006
732,10.4,50733.0,18043.0,2006
733,11.2,41768.0,18045.0,2006
734,9.7,49430.0,18047.0,2006
735,10.6,38956.0,18049.0,2006
736,9.0,44010.0,18051.0,2006
737,15.6,38939.0,18053.0,2006
738,16.1,36480.0,18055.0,2006
739,3.9,76891.0,18057.0,2006
740,5.8,62442.0,18059.0,2006
741,8.7,49196.0,18061.0,2006
742,5.6,62312.0,18063.0,2006
743,11.5,41459.0,18065.0,2006
744,16.7,44964.0,18067.0,2006
745,9.2,45289.0,18069.0,2006
746,10.4,43050.0,18071.0,2006
747,9.3,50675.0,18073.0,2006
748,12.4,36489.0,18075.0,2006
749,14.3,41618.0,18077.0,2006
750,12.2,42822.0,18079.0,2006
751,6.5,60804.0,18081.0,2006
752,19.7,35722.0,18083.0,2006
753,9.1,48410.0,18085.0,2006
754,10.7,48693.0,18087.0,2006
755,16.7,46389.0,18089.0,2006
756,12.0,46596.0,18091.0,2006
757,12.1,38101.0,18093.0,2006
758,13.6,41341.0,18095.0,2006
759,15.9,42072.0,18097.0,2006
760,10.4,50640.0,18099.0,2006
761,12.3,41787.0,18101.0,2006
762,12.9,43129.0,18103.0,2006
763,24.2,38508.0,18105.0,2006
764,10.3,45454.0,18107.0,2006
765,9.6,53515.0,18109.0,2006
766,9.2,48813.0,18111.0,2006
767,10.1,45196.0,18113.0,2006
768,9.5,46416.0,18115.0,2006
769,16.8,34489.0,18117.0,2006
770,11.9,41414.0,18119.0,2006
771,15.2,39916.0,18121.0,2006
772,12.3,41426.0,18123.0,2006
773,9.7,40996.0,18125.0,2006
774,9.0,58176.0,18127.0,2006
775,8.8,57018.0,18129.0,2006
776,11.7,41275.0,18131.0,2006
777,9.9,44339.0,18133.0,2006
778,12.9,38143.0,18135.0,2006
779,9.2,46275.0,18137.0,2006
780,10.0,44326.0,18139.0,2006
781,12.9,44053.0,18141.0,2006
782,14.9,38422.0,18143.0,2006
783,10.0,50647.0,18145.0,2006
784,9.4,48529.0,18147.0,2006
785,14.0,40511.0,18149.0,2006
786,10.5,47351.0,18151.0,2006
787,14.5,39647.0,18153.0,2006
788,14.5,42316.0,18155.0,2006
789,17.0,40618.0,18157.0,2006
790,7.3,51684.0,18159.0,2006
791,11.9,42998.0,18161.0,2006
792,14.6,39963.0,18163.0,2006
793,12.0,40011.0,18165.0,2006
794,21.5,35686.0,18167.0,2006
795,10.9,43664.0,18169.0,2006
796,8.3,44431.0,18171.0,2006
797,6.4,61530.0,18173.0,2006
798,15.7,39521.0,18175.0,2006
799,14.2,39105.0,18177.0,2006
800,7.6,48819.0,18179.0,2006
801,9.2,40188.0,18181.0,2006
802,7.4,51228.0,18183.0,2006
804,10.3,38977.0,19001.0,2006
805,12.7,34832.0,19003.0,2006
806,11.4,40274.0,19005.0,2006
807,15.0,33191.0,19007.0,2006
808,10.1,38948.0,19009.0,2006
809,7.6,49756.0,19011.0,2006
810,14.0,42233.0,19013.0,2006
811,9.3,48434.0,19015.0,2006
812,6.8,48803.0,19017.0,2006
813,9.9,43976.0,19019.0,2006
814,10.5,38943.0,19021.0,2006
815,9.1,42335.0,19023.0,2006
816,10.6,37535.0,19025.0,2006
817,8.3,44927.0,19027.0,2006
818,12.2,38490.0,19029.0,2006
819,7.3,49076.0,19031.0,2006
820,10.4,40750.0,19033.0,2006
821,8.9,41520.0,19035.0,2006
822,8.4,41388.0,19037.0,2006
823,11.8,40186.0,19039.0,2006
824,9.3,40521.0,19041.0,2006
825,10.4,40019.0,19043.0,2006
826,11.3,41979.0,19045.0,2006
827,11.7,39107.0,19047.0,2006
828,6.1,60471.0,19049.0,2006
829,12.0,39299.0,19051.0,2006
830,17.3,35153.0,19053.0,2006
831,9.7,44339.0,19055.0,2006
832,13.8,40405.0,19057.0,2006
833,7.4,45439.0,19059.0,2006
834,10.3,45521.0,19061.0,2006
835,10.1,39560.0,19063.0,2006
836,14.4,36265.0,19065.0,2006
837,11.7,39527.0,19067.0,2006
838,9.9,42091.0,19069.0,2006
839,10.7,42885.0,19071.0,2006
840,10.1,37707.0,19073.0,2006
841,6.5,49701.0,19075.0,2006
842,8.6,44148.0,19077.0,2006
843,8.8,44792.0,19079.0,2006
844,8.0,43537.0,19081.0,2006
845,12.1,39097.0,19083.0,2006
846,10.9,43271.0,19085.0,2006
847,9.9,43759.0,19087.0,2006
848,10.2,42776.0,19089.0,2006
849,9.6,41593.0,19091.0,2006
850,9.8,42597.0,19093.0,2006
851,6.9,49792.0,19095.0,2006
852,12.8,38489.0,19097.0,2006
853,10.2,44923.0,19099.0,2006
854,14.9,37776.0,19101.0,2006
855,16.2,46415.0,19103.0,2006
856,10.5,42856.0,19105.0,2006
857,11.1,40485.0,19107.0,2006
858,9.6,41227.0,19109.0,2006
859,12.4,39647.0,19111.0,2006
860,9.7,46933.0,19113.0,2006
861,11.8,44670.0,19115.0,2006
862,14.4,35826.0,19117.0,2006
863,6.8,45417.0,19119.0,2006
864,7.9,50140.0,19121.0,2006
865,10.8,42240.0,19123.0,2006
866,8.0,50391.0,19125.0,2006
867,11.4,43005.0,19127.0,2006
868,10.1,55739.0,19129.0,2006
869,9.3,41523.0,19131.0,2006
870,11.8,37093.0,19133.0,2006
871,11.8,39658.0,19135.0,2006
872,12.7,37655.0,19137.0,2006
873,11.3,48790.0,19139.0,2006
874,9.3,41063.0,19141.0,2006
875,8.6,40217.0,19143.0,2006
876,12.1,40635.0,19145.0,2006
877,12.1,38645.0,19147.0,2006
878,7.2,51296.0,19149.0,2006
879,10.1,39143.0,19151.0,2006
880,9.7,52618.0,19153.0,2006
881,11.0,46453.0,19155.0,2006
882,11.4,40331.0,19157.0,2006
883,15.2,36631.0,19159.0,2006
884,10.9,38025.0,19161.0,2006
885,12.8,46640.0,19163.0,2006
886,8.9,41313.0,19165.0,2006
887,7.2,46192.0,19167.0,2006
888,16.3,44698.0,19169.0,2006
889,10.4,43655.0,19171.0,2006
890,12.0,36223.0,19173.0,2006
891,14.3,35986.0,19175.0,2006
892,13.9,35472.0,19177.0,2006
893,14.8,37778.0,19179.0,2006
894,6.3,58100.0,19181.0,2006
895,9.9,46265.0,19183.0,2006
896,14.8,34010.0,19185.0,2006
897,13.1,39071.0,19187.0,2006
898,9.9,41305.0,19189.0,2006
899,9.0,44243.0,19191.0,2006
900,13.7,41690.0,19193.0,2006
901,8.6,42226.0,19195.0,2006
902,9.9,41656.0,19197.0,2006
904,15.4,38730.0,20001.0,2006
905,14.5,38465.0,20003.0,2006
906,13.7,39050.0,20005.0,2006
907,12.6,38451.0,20007.0,2006
908,14.1,37661.0,20009.0,2006
909,16.6,33824.0,20011.0,2006
910,15.2,37435.0,20013.0,2006
911,10.0,51254.0,20015.0,2006
912,11.5,37691.0,20017.0,2006
913,15.1,32399.0,20019.0,2006
914,18.7,34592.0,20021.0,2006
915,14.0,28801.0,20023.0,2006
916,12.4,37899.0,20025.0,2006
917,11.4,38717.0,20027.0,2006
918,14.2,34497.0,20029.0,2006
919,10.0,45264.0,20031.0,2006
920,10.6,34280.0,20033.0,2006
921,15.1,39465.0,20035.0,2006
922,18.2,31645.0,20037.0,2006
923,14.7,32305.0,20039.0,2006
924,10.5,40773.0,20041.0,2006
925,13.6,38024.0,20043.0,2006
926,18.6,45797.0,20045.0,2006
927,13.6,34389.0,20047.0,2006
928,18.3,30515.0,20049.0,2006
929,12.7,39027.0,20051.0,2006
930,10.8,40223.0,20053.0,2006
931,15.0,42621.0,20055.0,2006
932,17.7,40567.0,20057.0,2006
933,10.5,45693.0,20059.0,2006
934,11.9,35892.0,20061.0,2006
935,11.5,36990.0,20063.0,2006
936,12.6,36011.0,20065.0,2006
937,11.0,48463.0,20067.0,2006
938,9.4,45022.0,20069.0,2006
939,11.2,36930.0,20071.0,2006
940,14.2,33388.0,20073.0,2006
941,13.0,36648.0,20075.0,2006
942,13.6,33591.0,20077.0,2006
943,8.5,46423.0,20079.0,2006
944,11.9,42447.0,20081.0,2006
945,11.5,39016.0,20083.0,2006
946,10.1,46109.0,20085.0,2006
947,8.5,52609.0,20087.0,2006
948,15.2,32798.0,20089.0,2006
949,4.9,69991.0,20091.0,2006
950,12.3,42029.0,20093.0,2006
951,11.3,42700.0,20095.0,2006
952,12.7,36578.0,20097.0,2006
953,16.1,34743.0,20099.0,2006
954,10.3,40720.0,20101.0,2006
955,9.5,55141.0,20103.0,2006
956,11.9,33576.0,20105.0,2006
957,12.8,41260.0,20107.0,2006
958,10.6,36632.0,20109.0,2006
959,18.0,36504.0,20111.0,2006
960,8.4,47050.0,20113.0,2006
961,11.0,39361.0,20115.0,2006
962,10.3,38911.0,20117.0,2006
963,10.9,40624.0,20119.0,2006
964,7.7,56177.0,20121.0,2006
965,11.8,37246.0,20123.0,2006
966,16.6,33978.0,20125.0,2006
967,12.1,37092.0,20127.0,2006
968,12.6,37067.0,20129.0,2006
969,8.5,40910.0,20131.0,2006
970,14.9,37077.0,20133.0,2006
971,10.2,38126.0,20135.0,2006
972,12.0,34848.0,20137.0,2006
973,11.3,40906.0,20139.0,2006
974,13.0,32037.0,20141.0,2006
975,9.7,41686.0,20143.0,2006
976,12.7,38245.0,20145.0,2006
977,11.5,44709.0,20147.0,2006
978,9.9,47221.0,20149.0,2006
979,12.9,41508.0,20151.0,2006
980,14.1,34261.0,20153.0,2006
981,12.0,39314.0,20155.0,2006
982,11.9,32819.0,20157.0,2006
983,12.9,40313.0,20159.0,2006
984,19.2,37110.0,20161.0,2006
985,12.8,34348.0,20163.0,2006
986,12.7,35902.0,20165.0,2006
987,14.9,32608.0,20167.0,2006
988,12.3,42360.0,20169.0,2006
989,8.0,46368.0,20171.0,2006
990,13.7,45036.0,20173.0,2006
991,16.7,41231.0,20175.0,2006
992,13.9,44158.0,20177.0,2006
993,14.2,37958.0,20179.0,2006
994,16.1,33340.0,20181.0,2006
995,12.8,32050.0,20183.0,2006
996,15.9,34373.0,20185.0,2006
997,12.6,43443.0,20187.0,2006
998,11.5,45842.0,20189.0,2006
999,10.9,47770.0,20191.0,2006
1000,11.6,41845.0,20193.0,2006
1001,12.3,34941.0,20195.0,2006
1002,9.0,48415.0,20197.0,2006
1003,14.2,35133.0,20199.0,2006
1004,10.6,34971.0,20201.0,2006
1005,13.2,36468.0,20203.0,2006
1006,17.1,34346.0,20205.0,2006
1007,18.9,28961.0,20207.0,2006
1008,19.2,36876.0,20209.0,2006
1010,24.8,27529.0,21001.0,2006
1011,18.6,34821.0,21003.0,2006
1012,8.6,52056.0,21005.0,2006
1013,14.3,38191.0,21007.0,2006
1014,18.5,35749.0,21009.0,2006
1015,21.6,30630.0,21011.0,2006
1016,33.4,23169.0,21013.0,2006
1017,7.2,57964.0,21015.0,2006
1018,15.6,39154.0,21017.0,2006
1019,17.0,38565.0,21019.0,2006
1020,16.5,39389.0,21021.0,2006
1021,13.9,40245.0,21023.0,2006
1022,36.4,23072.0,21025.0,2006
1023,17.7,35728.0,21027.0,2006
1024,8.4,51984.0,21029.0,2006
1025,18.2,33297.0,21031.0,2006
1026,17.0,34537.0,21033.0,2006
1027,15.4,37018.0,21035.0,2006
1028,12.9,47071.0,21037.0,2006
1029,14.8,34825.0,21039.0,2006
1030,15.9,41254.0,21041.0,2006
1031,23.6,30266.0,21043.0,2006
1032,27.4,25750.0,21045.0,2006
1033,18.9,36229.0,21047.0,2006
1034,13.9,46037.0,21049.0,2006
1035,34.3,20204.0,21051.0,2006
1036,30.4,22185.0,21053.0,2006
1037,18.1,33304.0,21055.0,2006
1038,26.6,24866.0,21057.0,2006
1039,13.9,41279.0,21059.0,2006
1040,19.7,31905.0,21061.0,2006
1041,28.9,25430.0,21063.0,2006
1042,26.4,27245.0,21065.0,2006
1043,15.9,44382.0,21067.0,2006
1044,20.0,32405.0,21069.0,2006
1045,29.8,26725.0,21071.0,2006
1046,12.0,44570.0,21073.0,2006
1047,26.7,27769.0,21075.0,2006
1048,18.6,38764.0,21077.0,2006
1049,14.3,38521.0,21079.0,2006
1050,13.4,43513.0,21081.0,2006
1051,17.5,35428.0,21083.0,2006
1052,19.5,32769.0,21085.0,2006
1053,19.9,31085.0,21087.0,2006
1054,14.6,38097.0,21089.0,2006
1055,12.4,44735.0,21091.0,2006
1056,11.8,42420.0,21093.0,2006
1057,31.1,24200.0,21095.0,2006
1058,14.8,41572.0,21097.0,2006
1059,23.2,28979.0,21099.0,2006
1060,13.9,39988.0,21101.0,2006
1061,15.4,41195.0,21103.0,2006
1062,17.7,35600.0,21105.0,2006
1063,16.2,38899.0,21107.0,2006
1064,27.9,24984.0,21109.0,2006
1065,14.9,43523.0,21111.0,2006
1066,13.4,44249.0,21113.0,2006
1067,26.3,30026.0,21115.0,2006
1068,9.5,52654.0,21117.0,2006
1069,29.6,25238.0,21119.0,2006
1070,36.7,22960.0,21121.0,2006
1071,15.4,40271.0,21123.0,2006
1072,20.3,32598.0,21125.0,2006
1073,26.9,25142.0,21127.0,2006
1074,31.0,21273.0,21129.0,2006
1075,28.3,23734.0,21131.0,2006
1076,28.7,28863.0,21133.0,2006
1077,29.3,26289.0,21135.0,2006
1078,20.8,31413.0,21137.0,2006
1079,12.6,36744.0,21139.0,2006
1080,17.4,37325.0,21141.0,2006
1081,15.7,38163.0,21143.0,2006
1082,17.3,37684.0,21145.0,2006
1083,36.1,22550.0,21147.0,2006
1084,17.3,34440.0,21149.0,2006
1085,15.7,38779.0,21151.0,2006
1086,31.4,24231.0,21153.0,2006
1087,19.1,35878.0,21155.0,2006
1088,12.6,40742.0,21157.0,2006
1089,32.2,24614.0,21159.0,2006
1090,18.3,37587.0,21161.0,2006
1091,13.0,41955.0,21163.0,2006
1092,25.6,32790.0,21165.0,2006
1093,13.5,41193.0,21167.0,2006
1094,22.3,27835.0,21169.0,2006
1095,25.9,26256.0,21171.0,2006
1096,15.4,37793.0,21173.0,2006
1097,25.9,27944.0,21175.0,2006
1098,20.0,34678.0,21177.0,2006
1099,11.4,45110.0,21179.0,2006
1100,15.6,35708.0,21181.0,2006
1101,17.7,33616.0,21183.0,2006
1102,5.8,72279.0,21185.0,2006
1103,15.7,41373.0,21187.0,2006
1104,41.5,19508.0,21189.0,2006
1105,15.3,42162.0,21191.0,2006
1106,26.9,26535.0,21193.0,2006
1107,22.3,30674.0,21195.0,2006
1108,22.8,30644.0,21197.0,2006
1109,17.7,32760.0,21199.0,2006
1110,20.8,34057.0,21201.0,2006
1111,26.8,27789.0,21203.0,2006
1112,25.3,33569.0,21205.0,2006
1113,21.0,27294.0,21207.0,2006
1114,11.0,55836.0,21209.0,2006
1115,10.9,51430.0,21211.0,2006
1116,13.7,41154.0,21213.0,2006
1117,8.8,57022.0,21215.0,2006
1118,22.2,33234.0,21217.0,2006
1119,18.8,34304.0,21219.0,2006
1120,12.8,41152.0,21221.0,2006
1121,14.7,43276.0,21223.0,2006
1122,17.3,40947.0,21225.0,2006
1123,16.7,42824.0,21227.0,2006
1124,14.8,38050.0,21229.0,2006
1125,27.1,24996.0,21231.0,2006
1126,15.9,33499.0,21233.0,2006
1127,27.9,27144.0,21235.0,2006
1128,34.4,23158.0,21237.0,2006
1129,8.3,61330.0,21239.0,2006
1131,22.5,30639.0,22001.0,2006
1132,22.6,30341.0,22003.0,2006
1133,11.4,54037.0,22005.0,2006
1134,20.3,35916.0,22007.0,2006
1135,26.9,27104.0,22009.0,2006
1136,14.6,44103.0,22011.0,2006
1137,25.8,28457.0,22013.0,2006
1138,12.1,46316.0,22015.0,2006
1139,22.2,32989.0,22017.0,2006
1140,16.2,39328.0,22019.0,2006
1141,22.2,31269.0,22021.0,2006
1142,15.7,38891.0,22023.0,2006
1143,28.0,26424.0,22025.0,2006
1144,25.4,29991.0,22027.0,2006
1145,27.9,27096.0,22029.0,2006
1146,21.6,34861.0,22031.0,2006
1147,20.1,43542.0,22033.0,2006
1148,44.4,22381.0,22035.0,2006
1149,22.1,34605.0,22037.0,2006
1150,30.3,25315.0,22039.0,2006
1151,31.9,25896.0,22041.0,2006
1152,19.4,34719.0,22043.0,2006
1153,23.2,37091.0,22045.0,2006
1154,22.3,32256.0,22047.0,2006
1155,18.8,34901.0,22049.0,2006
1156,14.7,44178.0,22051.0,2006
1157,19.0,32579.0,22053.0,2006
1158,16.9,42128.0,22055.0,2006
1159,17.3,40834.0,22057.0,2006
1160,18.3,33099.0,22059.0,2006
1161,28.0,31094.0,22061.0,2006
1162,13.4,44040.0,22063.0,2006
1163,36.1,23434.0,22065.0,2006
1164,27.7,28562.0,22067.0,2006
1165,28.6,28372.0,22069.0,2006
1166,23.7,33373.0,22071.0,2006
1167,21.2,35400.0,22073.0,2006
1168,18.9,43466.0,22075.0,2006
1169,27.5,34379.0,22077.0,2006
1170,20.8,34923.0,22079.0,2006
1171,28.5,26677.0,22081.0,2006
1172,27.4,27896.0,22083.0,2006
1173,20.5,30737.0,22085.0,2006
1174,18.8,37375.0,22087.0,2006
1175,13.4,51578.0,22089.0,2006
1176,23.4,29388.0,22091.0,2006
1177,18.6,40133.0,22093.0,2006
1178,16.7,44756.0,22095.0,2006
1179,28.4,25891.0,22097.0,2006
1180,19.2,35299.0,22099.0,2006
1181,23.9,35249.0,22101.0,2006
1182,9.9,56450.0,22103.0,2006
1183,24.9,32931.0,22105.0,2006
1184,36.3,22934.0,22107.0,2006
1185,18.3,42767.0,22109.0,2006
1186,20.8,33709.0,22111.0,2006
1187,18.9,33781.0,22113.0,2006
1188,18.6,36072.0,22115.0,2006
1189,27.5,26778.0,22117.0,2006
1190,22.3,33159.0,22119.0,2006
1191,17.1,40517.0,22121.0,2006
1192,23.5,29463.0,22123.0,2006
1193,21.7,44323.0,22125.0,2006
1194,25.1,31160.0,22127.0,2006
1196,15.7,39537.0,23001.0,2006
1197,16.8,33040.0,23003.0,2006
1198,9.9,51474.0,23005.0,2006
1199,13.9,36753.0,23007.0,2006
1200,12.4,41579.0,23009.0,2006
1201,12.5,43221.0,23011.0,2006
1202,12.6,42446.0,23013.0,2006
1203,11.7,43908.0,23015.0,2006
1204,14.9,35804.0,23017.0,2006
1205,15.3,39483.0,23019.0,2006
1206,16.6,32558.0,23021.0,2006
1207,11.1,48686.0,23023.0,2006
1208,16.3,35319.0,23025.0,2006
1209,15.6,41707.0,23027.0,2006
1210,19.6,31563.0,23029.0,2006
1211,8.5,50893.0,23031.0,2006
1213,14.9,34483.0,24001.0,2006
1214,4.8,78389.0,24003.0,2006
1215,8.0,59864.0,24005.0,2006
1216,4.4,83219.0,24009.0,2006
1217,11.0,45743.0,24011.0,2006
1218,4.0,73761.0,24013.0,2006
1219,7.8,56983.0,24015.0,2006
1220,6.2,78347.0,24017.0,2006
1221,14.3,39106.0,24019.0,2006
1222,4.5,73765.0,24021.0,2006
1223,11.7,39616.0,24023.0,2006
1224,4.7,69253.0,24025.0,2006
1225,4.3,93349.0,24027.0,2006
1226,10.3,46525.0,24029.0,2006
1227,4.8,87019.0,24031.0,2006
1228,7.7,65611.0,24033.0,2006
1229,6.5,69970.0,24035.0,2006
1230,7.5,70163.0,24037.0,2006
1231,21.1,34822.0,24039.0,2006
1232,7.7,54471.0,24041.0,2006
1233,9.5,51109.0,24043.0,2006
1234,12.3,46102.0,24045.0,2006
1235,9.3,47856.0,24047.0,2006
1236,19.2,35834.0,24510.0,2006
1238,6.3,56119.0,25001.0,2006
1239,12.1,46430.0,25003.0,2006
1240,11.0,51713.0,25005.0,2006
1241,7.4,49809.0,25007.0,2006
1242,9.5,59447.0,25009.0,2006
1243,10.0,50154.0,25011.0,2006
1244,16.7,44803.0,25013.0,2006
1245,10.6,52373.0,25015.0,2006
1246,7.4,70864.0,25017.0,2006
1247,6.9,62490.0,25019.0,2006
1248,5.9,73243.0,25021.0,2006
1249,7.0,66540.0,25023.0,2006
1250,18.9,47312.0,25025.0,2006
1251,9.1,58630.0,25027.0,2006
1253,14.7,33616.0,26001.0,2006
1254,11.8,41451.0,26003.0,2006
1255,9.7,50650.0,26005.0,2006
1256,14.0,35738.0,26007.0,2006
1257,12.7,42612.0,26009.0,2006
1258,17.8,36252.0,26011.0,2006
1259,15.3,36984.0,26013.0,2006
1260,7.6,50409.0,26015.0,2006
1261,13.4,42014.0,26017.0,2006
1262,10.0,41274.0,26019.0,2006
1263,15.3,41881.0,26021.0,2006
1264,14.7,40158.0,26023.0,2006
1265,16.8,43193.0,26025.0,2006
1266,12.0,44499.0,26027.0,2006
1267,10.0,46904.0,26029.0,2006
1268,15.3,36367.0,26031.0,2006
1269,15.7,38518.0,26033.0,2006
1270,19.7,31943.0,26035.0,2006
1271,5.9,57171.0,26037.0,2006
1272,17.1,36705.0,26039.0,2006
1273,12.3,39122.0,26041.0,2006
1274,11.4,40363.0,26043.0,2006
1275,8.2,54232.0,26045.0,2006
1276,8.2,46310.0,26047.0,2006
1277,16.8,42055.0,26049.0,2006
1278,16.0,36381.0,26051.0,2006
1279,19.4,31603.0,26053.0,2006
1280,8.3,48969.0,26055.0,2006
1281,18.1,40777.0,26057.0,2006
1282,12.5,41856.0,26059.0,2006
1283,20.3,32289.0,26061.0,2006
1284,12.8,38956.0,26063.0,2006
1285,19.8,43642.0,26065.0,2006
1286,12.2,45782.0,26067.0,2006
1287,15.6,34880.0,26069.0,2006
1288,14.8,33380.0,26071.0,2006
1289,22.4,40040.0,26073.0,2006
1290,14.0,44256.0,26075.0,2006
1291,16.4,44889.0,26077.0,2006
1292,14.8,38257.0,26079.0,2006
1293,12.8,47012.0,26081.0,2006
1294,13.5,33643.0,26083.0,2006
1295,22.6,29638.0,26085.0,2006
1296,9.6,55808.0,26087.0,2006
1297,7.5,54186.0,26089.0,2006
1298,10.6,47790.0,26091.0,2006
1299,5.0,71352.0,26093.0,2006
1300,19.1,35303.0,26095.0,2006
1301,14.9,36112.0,26097.0,2006
1302,8.2,53726.0,26099.0,2006
1303,14.9,38277.0,26101.0,2006
1304,12.7,40936.0,26103.0,2006
1305,14.4,36952.0,26105.0,2006
1306,17.4,36103.0,26107.0,2006
1307,10.7,39542.0,26109.0,2006
1308,11.7,50013.0,26111.0,2006
1309,13.7,38761.0,26113.0,2006
1310,7.3,55122.0,26115.0,2006
1311,16.1,40294.0,26117.0,2006
1312,14.8,33971.0,26119.0,2006
1313,16.7,41188.0,26121.0,2006
1314,15.8,41855.0,26123.0,2006
1315,6.9,66600.0,26125.0,2006
1316,17.7,38640.0,26127.0,2006
1317,18.4,34525.0,26129.0,2006
1318,13.2,34390.0,26131.0,2006
1319,16.3,37742.0,26133.0,2006
1320,17.9,32330.0,26135.0,2006
1321,10.2,46600.0,26137.0,2006
1322,6.3,57017.0,26139.0,2006
1323,12.3,35506.0,26141.0,2006
1324,18.9,32696.0,26143.0,2006
1325,18.4,39426.0,26145.0,2006
1326,12.1,49364.0,26147.0,2006
1327,13.4,43027.0,26149.0,2006
1328,14.5,40323.0,26151.0,2006
1329,16.5,35307.0,26153.0,2006
1330,12.3,43197.0,26155.0,2006
1331,13.5,41084.0,26157.0,2006
1332,15.1,42736.0,26159.0,2006
1333,14.0,57169.0,26161.0,2006
1334,19.7,41845.0,26163.0,2006
1335,15.1,39084.0,26165.0,2006
1337,14.8,36157.0,27001.0,2006
1338,6.0,66271.0,27003.0,2006
1339,11.8,41574.0,27005.0,2006
1340,18.8,40431.0,27007.0,2006
1341,7.4,47676.0,27009.0,2006
1342,12.8,35705.0,27011.0,2006
1343,16.8,43222.0,27013.0,2006
1344,7.3,47121.0,27015.0,2006
1345,10.0,46851.0,27017.0,2006
1346,4.3,77852.0,27019.0,2006
1347,12.8,40243.0,27021.0,2006
1348,9.6,41163.0,27023.0,2006
1349,6.4,58570.0,27025.0,2006
1350,11.8,45068.0,27027.0,2006
1351,16.7,35446.0,27029.0,2006
1352,9.6,42768.0,27031.0,2006
1353,12.4,36638.0,27033.0,2006
1354,9.6,43393.0,27035.0,2006
1355,5.0,70540.0,27037.0,2006
1356,6.1,58502.0,27039.0,2006
1357,9.6,43866.0,27041.0,2006
1358,10.9,40733.0,27043.0,2006
1359,10.7,41584.0,27045.0,2006
1360,9.3,42235.0,27047.0,2006
1361,7.4,54521.0,27049.0,2006
1362,10.6,38230.0,27051.0,2006
1363,11.3,58275.0,27053.0,2006
1364,7.5,47469.0,27055.0,2006
1365,12.4,40231.0,27057.0,2006
1366,7.1,55695.0,27059.0,2006
1367,12.8,40987.0,27061.0,2006
1368,8.8,42352.0,27063.0,2006
1369,14.9,44254.0,27065.0,2006
1370,10.6,47209.0,27067.0,2006
1371,9.3,41713.0,27069.0,2006
1372,13.8,39963.0,27071.0,2006
1373,9.4,39331.0,27073.0,2006
1374,9.1,45011.0,27075.0,2006
1375,10.9,39846.0,27077.0,2006
1376,5.9,52695.0,27079.0,2006
1377,9.7,38548.0,27081.0,2006
1378,10.4,45022.0,27083.0,2006
1379,6.1,52018.0,27085.0,2006
1380,17.9,34425.0,27087.0,2006
1381,10.4,43155.0,27089.0,2006
1382,10.4,41937.0,27091.0,2006
1383,8.1,47479.0,27093.0,2006
1384,10.2,42839.0,27095.0,2006
1385,10.2,47144.0,27097.0,2006
1386,11.0,41600.0,27099.0,2006
1387,8.2,44890.0,27101.0,2006
1388,9.1,51515.0,27103.0,2006
1389,11.7,40417.0,27105.0,2006
1390,12.5,38071.0,27107.0,2006
1391,7.2,61068.0,27109.0,2006
1392,12.0,40374.0,27111.0,2006
1393,10.7,39891.0,27113.0,2006
1394,11.9,41458.0,27115.0,2006
1395,10.7,38594.0,27117.0,2006
1396,12.3,41780.0,27119.0,2006
1397,9.2,41835.0,27121.0,2006
1398,14.3,50813.0,27123.0,2006
1399,10.8,39869.0,27125.0,2006
1400,10.2,41182.0,27127.0,2006
1401,10.5,41659.0,27129.0,2006
1402,8.5,55311.0,27131.0,2006
1403,9.0,44413.0,27133.0,2006
1404,8.0,49493.0,27135.0,2006
1405,13.2,42873.0,27137.0,2006
1406,3.9,79648.0,27139.0,2006
1407,5.4,68075.0,27141.0,2006
1408,7.6,50854.0,27143.0,2006
1409,12.4,48822.0,27145.0,2006
1410,7.2,52490.0,27147.0,2006
1411,13.7,43309.0,27149.0,2006
1412,10.7,39761.0,27151.0,2006
1413,14.0,39662.0,27153.0,2006
1414,13.9,34759.0,27155.0,2006
1415,7.7,51230.0,27157.0,2006
1416,16.5,34542.0,27159.0,2006
1417,8.6,47232.0,27161.0,2006
1418,4.5,76563.0,27163.0,2006
1419,11.5,40401.0,27165.0,2006
1420,9.9,43055.0,27167.0,2006
1421,13.0,41788.0,27169.0,2006
1422,6.1,62311.0,27171.0,2006
1423,12.5,41287.0,27173.0,2006
1425,27.1,26917.0,28001.0,2006
1426,17.7,32701.0,28003.0,2006
1427,23.4,28727.0,28005.0,2006
1428,22.6,28326.0,28007.0,2006
1429,23.3,27780.0,28009.0,2006
1430,38.7,25200.0,28011.0,2006
1431,21.2,30318.0,28013.0,2006
1432,19.8,32444.0,28015.0,2006
1433,21.9,29692.0,28017.0,2006
1434,25.6,30152.0,28019.0,2006
1435,30.3,25163.0,28021.0,2006
1436,23.5,26532.0,28023.0,2006
1437,24.2,30351.0,28025.0,2006
1438,32.7,25184.0,28027.0,2006
1439,22.9,30481.0,28029.0,2006
1440,21.6,30166.0,28031.0,2006
1441,9.6,53675.0,28033.0,2006
1442,21.8,30925.0,28035.0,2006
1443,22.5,29666.0,28037.0,2006
1444,17.2,40338.0,28039.0,2006
1445,23.1,32467.0,28041.0,2006
1446,20.2,31545.0,28043.0,2006
1447,18.5,40400.0,28045.0,2006
1448,16.0,41935.0,28047.0,2006
1449,23.1,35925.0,28049.0,2006
1450,39.9,19996.0,28051.0,2006
1451,37.9,21434.0,28053.0,2006
1452,48.3,20739.0,28055.0,2006
1453,14.9,36759.0,28057.0,2006
1454,15.8,42632.0,28059.0,2006
1455,23.6,27837.0,28061.0,2006
1456,34.5,22234.0,28063.0,2006
1457,29.2,24541.0,28065.0,2006
1458,19.2,32463.0,28067.0,2006
1459,27.5,26215.0,28069.0,2006
1460,23.8,34969.0,28071.0,2006
1461,12.9,45117.0,28073.0,2006
1462,24.0,32796.0,28075.0,2006
1463,20.8,32300.0,28077.0,2006
1464,22.1,30931.0,28079.0,2006
1465,18.4,36285.0,28081.0,2006
1466,44.6,23618.0,28083.0,2006
1467,18.3,34577.0,28085.0,2006
1468,18.6,38583.0,28087.0,2006
1469,12.6,56353.0,28089.0,2006
1470,27.5,28440.0,28091.0,2006
1471,18.5,34134.0,28093.0,2006
1472,20.3,34343.0,28095.0,2006
1473,23.8,29112.0,28097.0,2006
1474,18.9,31700.0,28099.0,2006
1475,19.8,31948.0,28101.0,2006
1476,30.9,24600.0,28103.0,2006
1477,27.9,30841.0,28105.0,2006
1478,24.5,31769.0,28107.0,2006
1479,19.7,34287.0,28109.0,2006
1480,23.3,31598.0,28111.0,2006
1481,26.1,26853.0,28113.0,2006
1482,15.2,37718.0,28115.0,2006
1483,19.3,30614.0,28117.0,2006
1484,31.4,24054.0,28119.0,2006
1485,11.0,50121.0,28121.0,2006
1486,22.2,29724.0,28123.0,2006
1487,35.5,24546.0,28125.0,2006
1488,20.5,32925.0,28127.0,2006
1489,20.3,36131.0,28129.0,2006
1490,18.9,35334.0,28131.0,2006
1491,42.9,23766.0,28133.0,2006
1492,30.7,25107.0,28135.0,2006
1493,17.3,39480.0,28137.0,2006
1494,20.0,28843.0,28139.0,2006
1495,15.3,29916.0,28141.0,2006
1496,25.1,27139.0,28143.0,2006
1497,13.6,35523.0,28145.0,2006
1498,24.5,26430.0,28147.0,2006
1499,19.3,39412.0,28149.0,2006
1500,30.6,27319.0,28151.0,2006
1501,22.2,29592.0,28153.0,2006
1502,21.6,30520.0,28155.0,2006
1503,34.0,22853.0,28157.0,2006
1504,28.0,30973.0,28159.0,2006
1505,23.4,30547.0,28161.0,2006
1506,31.2,27657.0,28163.0,2006
1508,22.5,29942.0,29001.0,2006
1509,9.6,47497.0,29003.0,2006
1510,13.9,35930.0,29005.0,2006
1511,15.2,34999.0,29007.0,2006
1512,19.3,33386.0,29009.0,2006
1513,15.0,35207.0,29011.0,2006
1514,16.0,38950.0,29013.0,2006
1515,16.6,31069.0,29015.0,2006
1516,17.7,34330.0,29017.0,2006
1517,14.7,42405.0,29019.0,2006
1518,14.2,40356.0,29021.0,2006
1519,22.3,30974.0,29023.0,2006
1520,13.0,37879.0,29025.0,2006
1521,12.1,43605.0,29027.0,2006
1522,13.2,39289.0,29029.0,2006
1523,15.2,40859.0,29031.0,2006
1524,15.6,33974.0,29033.0,2006
1525,24.4,27159.0,29035.0,2006
1526,7.4,55532.0,29037.0,2006
1527,21.9,30285.0,29039.0,2006
1528,13.5,36553.0,29041.0,2006
1529,10.7,44179.0,29043.0,2006
1530,15.1,33149.0,29045.0,2006
1531,7.4,53951.0,29047.0,2006
1532,10.0,49632.0,29049.0,2006
1533,12.7,48862.0,29051.0,2006
1534,13.2,35201.0,29053.0,2006
1535,17.5,35824.0,29055.0,2006
1536,16.7,31973.0,29057.0,2006
1537,18.4,32903.0,29059.0,2006
1538,17.8,35534.0,29061.0,2006
1539,16.7,37230.0,29063.0,2006
1540,20.5,31725.0,29065.0,2006
1541,20.1,28541.0,29067.0,2006
1542,26.0,28575.0,29069.0,2006
1543,9.8,45788.0,29071.0,2006
1544,11.5,40340.0,29073.0,2006
1545,12.2,32679.0,29075.0,2006
1546,13.2,39469.0,29077.0,2006
1547,18.2,31245.0,29079.0,2006
1548,17.2,32430.0,29081.0,2006
1549,17.1,34948.0,29083.0,2006
1550,18.9,27869.0,29085.0,2006
1551,14.6,36052.0,29087.0,2006
1552,14.6,36607.0,29089.0,2006
1553,19.0,30503.0,29091.0,2006
1554,20.5,30442.0,29093.0,2006
1555,15.3,44187.0,29095.0,2006
1556,17.7,34308.0,29097.0,2006
1557,8.1,53419.0,29099.0,2006
1558,14.2,41308.0,29101.0,2006
1559,18.5,30281.0,29103.0,2006
1560,15.4,34035.0,29105.0,2006
1561,11.7,43728.0,29107.0,2006
1562,16.5,34949.0,29109.0,2006
1563,17.0,36664.0,29111.0,2006
1564,9.1,50425.0,29113.0,2006
1565,16.2,33549.0,29115.0,2006
1566,13.1,37063.0,29117.0,2006
1567,20.0,31916.0,29119.0,2006
1568,16.6,33302.0,29121.0,2006
1569,18.6,29974.0,29123.0,2006
1570,16.0,33919.0,29125.0,2006
1571,17.5,34336.0,29127.0,2006
1572,14.2,33600.0,29129.0,2006
1573,15.7,35880.0,29131.0,2006
1574,28.0,26874.0,29133.0,2006
1575,12.8,40413.0,29135.0,2006
1576,13.6,37088.0,29137.0,2006
1577,14.1,36853.0,29139.0,2006
1578,18.2,34197.0,29141.0,2006
1579,23.0,30940.0,29143.0,2006
1580,14.9,38866.0,29145.0,2006
1581,17.6,36660.0,29147.0,2006
1582,25.4,25515.0,29149.0,2006
1583,10.0,44732.0,29151.0,2006
1584,21.8,29477.0,29153.0,2006
1585,32.8,26202.0,29155.0,2006
1586,11.4,42576.0,29157.0,2006
1587,16.6,35517.0,29159.0,2006
1588,16.9,38250.0,29161.0,2006
1589,14.7,37496.0,29163.0,2006
1590,6.4,63158.0,29165.0,2006
1591,19.1,33721.0,29167.0,2006
1592,14.4,40904.0,29169.0,2006
1593,17.2,31308.0,29171.0,2006
1594,10.6,42970.0,29173.0,2006
1595,16.4,34715.0,29175.0,2006
1596,10.1,48742.0,29177.0,2006
1597,23.0,29625.0,29179.0,2006
1598,23.3,26675.0,29181.0,2006
1599,5.2,65059.0,29183.0,2006
1600,21.1,29165.0,29185.0,2006
1601,10.2,46248.0,29186.0,2006
1602,17.0,36533.0,29187.0,2006
1603,9.4,53349.0,29189.0,2006
1604,16.7,36354.0,29195.0,2006
1605,18.3,30160.0,29197.0,2006
1606,16.4,31741.0,29199.0,2006
1607,18.2,35517.0,29201.0,2006
1608,26.9,24109.0,29203.0,2006
1609,16.4,33453.0,29205.0,2006
1610,19.6,33823.0,29207.0,2006
1611,14.8,37548.0,29209.0,2006
1612,20.8,29121.0,29211.0,2006
1613,16.1,32418.0,29213.0,2006
1614,23.1,28432.0,29215.0,2006
1615,19.0,33750.0,29217.0,2006
1616,11.1,49714.0,29219.0,2006
1617,20.6,32298.0,29221.0,2006
1618,23.8,29655.0,29223.0,2006
1619,17.3,37889.0,29225.0,2006
1620,15.9,31198.0,29227.0,2006
1621,24.3,28179.0,29229.0,2006
1622,26.7,30780.0,29510.0,2006
1624,16.9,34087.0,30001.0,2006
1625,27.2,31705.0,30003.0,2006
1626,25.9,30543.0,30005.0,2006
1627,12.6,38106.0,30007.0,2006
1628,11.5,40883.0,30009.0,2006
1629,13.2,32576.0,30011.0,2006
1630,13.7,39146.0,30013.0,2006
1631,19.9,34530.0,30015.0,2006
1632,15.9,34684.0,30017.0,2006
1633,13.6,30252.0,30019.0,2006
1634,12.4,38214.0,30021.0,2006
1635,16.4,32995.0,30023.0,2006
1636,10.0,40754.0,30025.0,2006
1637,14.6,35922.0,30027.0,2006
1638,10.2,44413.0,30029.0,2006
1639,10.9,46928.0,30031.0,2006
1640,15.7,32427.0,30033.0,2006
1641,28.4,29954.0,30035.0,2006
1642,21.3,30859.0,30037.0,2006
1643,16.0,33710.0,30039.0,2006
1644,18.8,37349.0,30041.0,2006
1645,11.4,49686.0,30043.0,2006
1646,16.5,33845.0,30045.0,2006
1647,18.9,34668.0,30047.0,2006
1648,10.5,44382.0,30049.0,2006
1649,16.3,33212.0,30051.0,2006
1650,16.8,32956.0,30053.0,2006
1651,13.5,32383.0,30055.0,2006
1652,12.4,37519.0,30057.0,2006
1653,18.4,30192.0,30059.0,2006
1654,18.4,33074.0,30061.0,2006
1655,17.2,38880.0,30063.0,2006
1656,18.1,31411.0,30065.0,2006
1657,13.8,36630.0,30067.0,2006
1658,18.8,25692.0,30069.0,2006
1659,17.9,32123.0,30071.0,2006
1660,23.4,32382.0,30073.0,2006
1661,12.8,33697.0,30075.0,2006
1662,18.3,33409.0,30077.0,2006
1663,14.5,31725.0,30079.0,2006
1664,14.5,39872.0,30081.0,2006
1665,11.4,41037.0,30083.0,2006
1666,26.1,29083.0,30085.0,2006
1667,19.9,43594.0,30087.0,2006
1668,18.2,31139.0,30089.0,2006
1669,14.2,33535.0,30091.0,2006
1670,16.0,34739.0,30093.0,2006
1671,10.0,48981.0,30095.0,2006
1672,10.4,39179.0,30097.0,2006
1673,14.2,35456.0,30099.0,2006
1674,16.5,33996.0,30101.0,2006
1675,14.8,35205.0,30103.0,2006
1676,15.2,35483.0,30105.0,2006
1677,20.4,27147.0,30107.0,2006
1678,14.4,32858.0,30109.0,2006
1679,11.7,43407.0,30111.0,2006
1681,12.1,40489.0,31001.0,2006
1682,12.7,33892.0,31003.0,2006
1683,13.8,32986.0,31005.0,2006
1684,12.5,36541.0,31007.0,2006
1685,17.5,29517.0,31009.0,2006
1686,11.5,37349.0,31011.0,2006
1687,11.7,43177.0,31013.0,2006
1688,16.2,28451.0,31015.0,2006
1689,14.3,32608.0,31017.0,2006
1690,12.7,42331.0,31019.0,2006
1691,10.0,38385.0,31021.0,2006
1692,9.2,40949.0,31023.0,2006
1693,6.0,55280.0,31025.0,2006
1694,9.7,39930.0,31027.0,2006
1695,12.4,36149.0,31029.0,2006
1696,14.3,34265.0,31031.0,2006
1697,9.6,42463.0,31033.0,2006
1698,10.9,38730.0,31035.0,2006
1699,10.1,43402.0,31037.0,2006
1700,11.5,37690.0,31039.0,2006
1701,14.9,35937.0,31041.0,2006
1702,13.0,42298.0,31043.0,2006
1703,18.8,33865.0,31045.0,2006
1704,13.7,37239.0,31047.0,2006
1705,12.2,37245.0,31049.0,2006
1706,9.9,39525.0,31051.0,2006
1707,11.1,41023.0,31053.0,2006
1708,12.1,48981.0,31055.0,2006
1709,15.2,29934.0,31057.0,2006
1710,10.1,41521.0,31059.0,2006
1711,14.1,33221.0,31061.0,2006
1712,13.6,36777.0,31063.0,2006
1713,12.6,33530.0,31065.0,2006
1714,11.2,41012.0,31067.0,2006
1715,15.9,30743.0,31069.0,2006
1716,13.1,30827.0,31071.0,2006
1717,9.6,38777.0,31073.0,2006
1718,10.3,37009.0,31075.0,2006
1719,13.8,31779.0,31077.0,2006
1720,11.9,40926.0,31079.0,2006
1721,8.1,49139.0,31081.0,2006
1722,12.0,36078.0,31083.0,2006
1723,15.0,29490.0,31085.0,2006
1724,15.4,32350.0,31087.0,2006
1725,11.7,35403.0,31089.0,2006
1726,8.6,34498.0,31091.0,2006
1727,11.4,38727.0,31093.0,2006
1728,11.9,37754.0,31095.0,2006
1729,11.1,38196.0,31097.0,2006
1730,10.1,48889.0,31099.0,2006
1731,12.0,36048.0,31101.0,2006
1732,21.9,25448.0,31103.0,2006
1733,13.9,34875.0,31105.0,2006
1734,13.4,32278.0,31107.0,2006
1735,12.0,48479.0,31109.0,2006
1736,10.9,41730.0,31111.0,2006
1737,11.1,38074.0,31113.0,2006
1738,12.7,29944.0,31115.0,2006
1739,14.4,36693.0,31117.0,2006
1740,13.1,41041.0,31119.0,2006
1741,10.0,39763.0,31121.0,2006
1742,16.3,33929.0,31123.0,2006
1743,14.2,35958.0,31125.0,2006
1744,14.2,40920.0,31127.0,2006
1745,12.9,32781.0,31129.0,2006
1746,9.8,41865.0,31131.0,2006
1747,13.7,32626.0,31133.0,2006
1748,12.1,37080.0,31135.0,2006
1749,9.8,43931.0,31137.0,2006
1750,11.1,39410.0,31139.0,2006
1751,8.9,45212.0,31141.0,2006
1752,8.0,42610.0,31143.0,2006
1753,11.2,37611.0,31145.0,2006
1754,13.9,33684.0,31147.0,2006
1755,17.9,28745.0,31149.0,2006
1756,9.0,42651.0,31151.0,2006
1757,5.2,62148.0,31153.0,2006
1758,8.2,52433.0,31155.0,2006
1759,17.8,36252.0,31157.0,2006
1760,7.6,49055.0,31159.0,2006
1761,16.2,32659.0,31161.0,2006
1762,14.0,33329.0,31163.0,2006
1763,14.7,33685.0,31165.0,2006
1764,8.8,42622.0,31167.0,2006
1765,13.9,34126.0,31169.0,2006
1766,12.6,32160.0,31171.0,2006
1767,24.1,33339.0,31173.0,2006
1768,14.5,32607.0,31175.0,2006
1769,6.6,55222.0,31177.0,2006
1770,13.6,39422.0,31179.0,2006
1771,13.2,34663.0,31181.0,2006
1772,14.2,31354.0,31183.0,2006
1773,9.0,43010.0,31185.0,2006
1775,9.6,48370.0,32001.0,2006
1776,10.5,53472.0,32003.0,2006
1777,7.0,63308.0,32005.0,2006
1778,9.1,58076.0,32007.0,2006
1779,14.7,41996.0,32009.0,2006
1780,11.4,47459.0,32011.0,2006
1781,9.9,53989.0,32013.0,2006
1782,10.5,54569.0,32015.0,2006
1783,13.4,42022.0,32017.0,2006
1784,8.9,48481.0,32019.0,2006
1785,17.1,35242.0,32021.0,2006
1786,12.0,44206.0,32023.0,2006
1787,15.1,42084.0,32027.0,2006
1788,5.6,54148.0,32029.0,2006
1789,11.0,52406.0,32031.0,2006
1790,12.8,44790.0,32033.0,2006
1791,11.1,46288.0,32510.0,2006
1793,8.2,50795.0,33001.0,2006
1794,9.0,46040.0,33003.0,2006
1795,10.3,48818.0,33005.0,2006
1796,11.6,39170.0,33007.0,2006
1797,9.4,51995.0,33009.0,2006
1798,7.5,65693.0,33011.0,2006
1799,7.5,55333.0,33013.0,2006
1800,5.5,70376.0,33015.0,2006
1801,11.4,52294.0,33017.0,2006
1802,11.7,46179.0,33019.0,2006
1804,9.5,51554.0,34001.0,2006
1805,5.3,75460.0,34003.0,2006
1806,5.8,67995.0,34005.0,2006
1807,10.9,56676.0,34007.0,2006
1808,9.5,49265.0,34009.0,2006
1809,15.4,45667.0,34011.0,2006
1810,14.4,51739.0,34013.0,2006
1811,6.7,66067.0,34015.0,2006
1812,15.0,48352.0,34017.0,2006
1813,3.3,93556.0,34019.0,2006
1814,8.7,64930.0,34021.0,2006
1815,7.1,72175.0,34023.0,2006
1816,5.9,76876.0,34025.0,2006
1817,4.1,89464.0,34027.0,2006
1818,8.5,54771.0,34029.0,2006
1819,14.3,50193.0,34031.0,2006
1820,9.6,54748.0,34033.0,2006
1821,4.5,91177.0,34035.0,2006
1822,4.6,78050.0,34037.0,2006
1823,8.0,62001.0,34039.0,2006
1824,6.0,63037.0,34041.0,2006
1826,15.0,43865.0,35001.0,2006
1827,20.1,27481.0,35003.0,2006
1828,22.7,35235.0,35005.0,2006
1829,25.4,34112.0,35006.0,2006
1830,17.6,34432.0,35007.0,2006
1831,20.4,33160.0,35009.0,2006
1832,20.5,28133.0,35011.0,2006
1833,23.8,33878.0,35013.0,2006
1834,16.8,39754.0,35015.0,2006
1835,17.7,33013.0,35017.0,2006
1836,22.9,30906.0,35019.0,2006
1837,17.2,27833.0,35021.0,2006
1838,25.7,27484.0,35023.0,2006
1839,18.6,38762.0,35025.0,2006
1840,16.2,38261.0,35027.0,2006
1841,3.1,100772.0,35028.0,2006
1842,30.3,23677.0,35029.0,2006
1843,40.1,27583.0,35031.0,2006
1844,23.0,26441.0,35033.0,2006
1845,18.9,38812.0,35035.0,2006
1846,22.6,26690.0,35037.0,2006
1847,21.4,36887.0,35039.0,2006
1848,24.0,30543.0,35041.0,2006
1849,11.0,53689.0,35043.0,2006
1850,17.9,39928.0,35045.0,2006
1851,21.6,33773.0,35047.0,2006
1852,12.1,50148.0,35049.0,2006
1853,26.8,25013.0,35051.0,2006
1854,27.5,29116.0,35053.0,2006
1855,18.3,32263.0,35055.0,2006
1856,21.6,35553.0,35057.0,2006
1857,18.6,31147.0,35059.0,2006
1858,17.3,40800.0,35061.0,2006
1860,11.7,50801.0,36001.0,2006
1861,17.8,38074.0,36003.0,2006
1862,28.9,31498.0,36005.0,2006
1863,12.5,41328.0,36007.0,2006
1864,14.8,38774.0,36009.0,2006
1865,11.7,43654.0,36011.0,2006
1866,16.2,37711.0,36013.0,2006
1867,14.6,39928.0,36015.0,2006
1868,13.7,39238.0,36017.0,2006
1869,14.8,42536.0,36019.0,2006
1870,9.6,50697.0,36021.0,2006
1871,13.4,46275.0,36023.0,2006
1872,13.0,36799.0,36025.0,2006
1873,7.4,65457.0,36027.0,2006
1874,14.5,42586.0,36029.0,2006
1875,13.9,40598.0,36031.0,2006
1876,15.8,36627.0,36033.0,2006
1877,15.3,38191.0,36035.0,2006
1878,10.2,44268.0,36037.0,2006
1879,12.1,42038.0,36039.0,2006
1880,9.7,39556.0,36041.0,2006
1881,13.1,38601.0,36043.0,2006
1882,16.2,38729.0,36045.0,2006
1883,22.6,40266.0,36047.0,2006
1884,14.3,39607.0,36049.0,2006
1885,12.6,45845.0,36051.0,2006
1886,10.3,46481.0,36053.0,2006
1887,13.2,47520.0,36055.0,2006
1888,13.9,39162.0,36057.0,2006
1889,5.5,85537.0,36059.0,2006
1890,18.3,59542.0,36061.0,2006
1891,12.6,43827.0,36063.0,2006
1892,14.7,40419.0,36065.0,2006
1893,13.7,46128.0,36067.0,2006
1894,8.7,51008.0,36069.0,2006
1895,11.3,63551.0,36071.0,2006
1896,12.8,46286.0,36073.0,2006
1897,16.8,39794.0,36075.0,2006
1898,12.5,41759.0,36077.0,2006
1899,5.4,82058.0,36079.0,2006
1900,12.3,51024.0,36081.0,2006
1901,10.5,52123.0,36083.0,2006
1902,9.6,67290.0,36085.0,2006
1903,12.2,76167.0,36087.0,2006
1904,17.4,38024.0,36089.0,2006
1905,6.7,57663.0,36091.0,2006
1906,10.6,51015.0,36093.0,2006
1907,12.0,45913.0,36095.0,2006
1908,13.4,41133.0,36097.0,2006
1909,15.3,42058.0,36099.0,2006
1910,12.5,41468.0,36101.0,2006
1911,6.6,76621.0,36103.0,2006
1912,15.1,44222.0,36105.0,2006
1913,10.4,46535.0,36107.0,2006
1914,17.5,44572.0,36109.0,2006
1915,11.1,51754.0,36111.0,2006
1916,11.2,45872.0,36113.0,2006
1917,11.2,43576.0,36115.0,2006
1918,11.5,48230.0,36117.0,2006
1919,7.3,75034.0,36119.0,2006
1920,10.8,47835.0,36121.0,2006
1921,14.1,41254.0,36123.0,2006
1923,17.3,41841.0,37001.0,2006
1924,12.9,41986.0,37003.0,2006
1925,21.6,31737.0,37005.0,2006
1926,21.3,33434.0,37007.0,2006
1927,16.3,31650.0,37009.0,2006
1928,16.9,33270.0,37011.0,2006
1929,16.5,35785.0,37013.0,2006
1930,23.0,28071.0,37015.0,2006
1931,24.2,30688.0,37017.0,2006
1932,12.0,45889.0,37019.0,2006
1933,12.7,41629.0,37021.0,2006
1934,16.9,38131.0,37023.0,2006
1935,10.3,50285.0,37025.0,2006
1936,14.6,35897.0,37027.0,2006
1937,8.7,49737.0,37029.0,2006
1938,14.1,44176.0,37031.0,2006
1939,17.8,37682.0,37033.0,2006
1940,11.5,42722.0,37035.0,2006
1941,12.0,49582.0,37037.0,2006
1942,16.5,33249.0,37039.0,2006
1943,17.9,36615.0,37041.0,2006
1944,15.0,36098.0,37043.0,2006
1945,17.3,37547.0,37045.0,2006
1946,22.0,30760.0,37047.0,2006
1947,14.0,41827.0,37049.0,2006
1948,18.6,41197.0,37051.0,2006
1949,9.9,50149.0,37053.0,2006
1950,8.5,50244.0,37055.0,2006
1951,11.0,43303.0,37057.0,2006
1952,9.4,48051.0,37059.0,2006
1953,21.1,33500.0,37061.0,2006
1954,15.7,46879.0,37063.0,2006
1955,24.5,30286.0,37065.0,2006
1956,13.6,45904.0,37067.0,2006
1957,15.4,41382.0,37069.0,2006
1958,14.7,42941.0,37071.0,2006
1959,15.7,40234.0,37073.0,2006
1960,18.6,29400.0,37075.0,2006
1961,13.8,43975.0,37077.0,2006
1962,19.9,35840.0,37079.0,2006
1963,14.8,44488.0,37081.0,2006
1964,23.9,28778.0,37083.0,2006
1965,16.9,40576.0,37085.0,2006
1966,13.2,37146.0,37087.0,2006
1967,11.6,42519.0,37089.0,2006
1968,26.5,28926.0,37091.0,2006
1969,17.8,37685.0,37093.0,2006
1970,22.9,31445.0,37095.0,2006
1971,11.1,45408.0,37097.0,2006
1972,17.7,37162.0,37099.0,2006
1973,13.6,46968.0,37101.0,2006
1974,19.3,35542.0,37103.0,2006
1975,14.1,41571.0,37105.0,2006
1976,23.0,33722.0,37107.0,2006
1977,12.3,43846.0,37109.0,2006
1978,16.9,35751.0,37111.0,2006
1979,12.9,36895.0,37113.0,2006
1980,15.6,35491.0,37115.0,2006
1981,21.3,31792.0,37117.0,2006
1982,11.5,52217.0,37119.0,2006
1983,16.7,32446.0,37121.0,2006
1984,18.0,32575.0,37123.0,2006
1985,12.9,45928.0,37125.0,2006
1986,14.4,41003.0,37127.0,2006
1987,13.9,44014.0,37129.0,2006
1988,24.6,27035.0,37131.0,2006
1989,16.3,38478.0,37133.0,2006
1990,14.1,47699.0,37135.0,2006
1991,15.7,35890.0,37137.0,2006
1992,17.7,38480.0,37139.0,2006
1993,12.8,41293.0,37141.0,2006
1994,17.5,37525.0,37143.0,2006
1995,14.2,43143.0,37145.0,2006
1996,21.6,37045.0,37147.0,2006
1997,13.3,41171.0,37149.0,2006
1998,14.1,39419.0,37151.0,2006
1999,23.5,30133.0,37153.0,2006
2000,29.2,28091.0,37155.0,2006
2001,15.6,37382.0,37157.0,2006
2002,14.0,42414.0,37159.0,2006
2003,18.3,33083.0,37161.0,2006
2004,21.7,34390.0,37163.0,2006
2005,24.7,32275.0,37165.0,2006
2006,13.0,43491.0,37167.0,2006
2007,10.2,41663.0,37169.0,2006
2008,17.3,35888.0,37171.0,2006
2009,18.3,34294.0,37173.0,2006
2010,13.5,40485.0,37175.0,2006
2011,27.3,29651.0,37177.0,2006
2012,8.4,59331.0,37179.0,2006
2013,22.7,35327.0,37181.0,2006
2014,9.2,61044.0,37183.0,2006
2015,23.0,30395.0,37185.0,2006
2016,23.0,31100.0,37187.0,2006
2017,21.8,36323.0,37189.0,2006
2018,16.8,38039.0,37191.0,2006
2019,16.2,36687.0,37193.0,2006
2020,19.3,37164.0,37195.0,2006
2021,11.9,39929.0,37197.0,2006
2022,19.1,32509.0,37199.0,2006
2024,11.8,34547.0,38001.0,2006
2025,11.3,39353.0,38003.0,2006
2026,29.0,29537.0,38005.0,2006
2027,11.9,42151.0,38007.0,2006
2028,12.9,37534.0,38009.0,2006
2029,8.6,42588.0,38011.0,2006
2030,11.6,37912.0,38013.0,2006
2031,8.9,49357.0,38015.0,2006
2032,9.6,46387.0,38017.0,2006
2033,12.3,36190.0,38019.0,2006
2034,14.3,36609.0,38021.0,2006
2035,12.9,35791.0,38023.0,2006
2036,13.9,37583.0,38025.0,2006
2037,11.5,35975.0,38027.0,2006
2038,16.2,31938.0,38029.0,2006
2039,9.4,38723.0,38031.0,2006
2040,15.4,34833.0,38033.0,2006
2041,14.4,40209.0,38035.0,2006
2042,19.4,29266.0,38037.0,2006
2043,11.9,35487.0,38039.0,2006
2044,13.7,33592.0,38041.0,2006
2045,14.8,31952.0,38043.0,2006
2046,12.0,37847.0,38045.0,2006
2047,13.8,34234.0,38047.0,2006
2048,15.0,32832.0,38049.0,2006
2049,15.9,31160.0,38051.0,2006
2050,15.4,36935.0,38053.0,2006
2051,12.4,41005.0,38055.0,2006
2052,7.4,55121.0,38057.0,2006
2053,10.0,43807.0,38059.0,2006
2054,17.5,33396.0,38061.0,2006
2055,11.2,33789.0,38063.0,2006
2056,11.4,51966.0,38065.0,2006
2057,8.7,40969.0,38067.0,2006
2058,13.9,31763.0,38069.0,2006
2059,14.2,38371.0,38071.0,2006
2060,9.9,45519.0,38073.0,2006
2061,10.3,40395.0,38075.0,2006
2062,10.0,41627.0,38077.0,2006
2063,26.9,30192.0,38079.0,2006
2064,7.7,47161.0,38081.0,2006
2065,20.3,28739.0,38083.0,2006
2066,35.7,26915.0,38085.0,2006
2067,14.0,31321.0,38087.0,2006
2068,12.6,41381.0,38089.0,2006
2069,8.3,42230.0,38091.0,2006
2070,12.0,40125.0,38093.0,2006
2071,11.9,36763.0,38095.0,2006
2072,10.7,40097.0,38097.0,2006
2073,11.7,39385.0,38099.0,2006
2074,8.8,42824.0,38101.0,2006
2075,12.9,37921.0,38103.0,2006
2076,11.5,40383.0,38105.0,2006
2078,19.9,32146.0,39001.0,2006
2079,12.8,43156.0,39003.0,2006
2080,11.6,45527.0,39005.0,2006
2081,15.9,38834.0,39007.0,2006
2082,27.6,30436.0,39009.0,2006
2083,8.1,49067.0,39011.0,2006
2084,16.0,35561.0,39013.0,2006
2085,13.8,43071.0,39015.0,2006
2086,11.3,53310.0,39017.0,2006
2087,13.9,39034.0,39019.0,2006
2088,11.1,43866.0,39021.0,2006
2089,14.2,42806.0,39023.0,2006
2090,9.1,52914.0,39025.0,2006
2091,11.8,44921.0,39027.0,2006
2092,16.2,37776.0,39029.0,2006
2093,14.5,37717.0,39031.0,2006
2094,12.4,39864.0,39033.0,2006
2095,15.1,41581.0,39035.0,2006
2096,9.6,42606.0,39037.0,2006
2097,8.7,47254.0,39039.0,2006
2098,4.2,79650.0,39041.0,2006
2099,10.5,46335.0,39043.0,2006
2100,7.9,55033.0,39045.0,2006
2101,13.1,39280.0,39047.0,2006
2102,16.4,45886.0,39049.0,2006
2103,7.6,47078.0,39051.0,2006
2104,20.5,34448.0,39053.0,2006
2105,5.7,64170.0,39055.0,2006
2106,10.9,55656.0,39057.0,2006
2107,19.6,34411.0,39059.0,2006
2108,14.7,44814.0,39061.0,2006
2109,10.7,46813.0,39063.0,2006
2110,14.9,39238.0,39065.0,2006
2111,15.3,33349.0,39067.0,2006
2112,8.1,46324.0,39069.0,2006
2113,17.8,39098.0,39071.0,2006
2114,15.1,39076.0,39073.0,2006
2115,11.5,42639.0,39075.0,2006
2116,11.1,45155.0,39077.0,2006
2117,18.5,33825.0,39079.0,2006
2118,17.7,33330.0,39081.0,2006
2119,12.1,42752.0,39083.0,2006
2120,6.9,51601.0,39085.0,2006
2121,23.2,32922.0,39087.0,2006
2122,9.7,50426.0,39089.0,2006
2123,11.8,44951.0,39091.0,2006
2124,13.4,49001.0,39093.0,2006
2125,16.9,42277.0,39095.0,2006
2126,11.2,48497.0,39097.0,2006
2127,16.3,38609.0,39099.0,2006
2128,13.0,40684.0,39101.0,2006
2129,5.6,64354.0,39103.0,2006
2130,21.4,30979.0,39105.0,2006
2131,7.1,49739.0,39107.0,2006
2132,8.4,48975.0,39109.0,2006
2133,15.1,32450.0,39111.0,2006
2134,15.0,41450.0,39113.0,2006
2135,18.4,31676.0,39115.0,2006
2136,10.7,46443.0,39117.0,2006
2137,16.1,37179.0,39119.0,2006
2138,16.2,38145.0,39121.0,2006
2139,7.9,53107.0,39123.0,2006
2140,8.9,44318.0,39125.0,2006
2141,17.5,38853.0,39127.0,2006
2142,11.4,48732.0,39129.0,2006
2143,23.4,33789.0,39131.0,2006
2144,12.7,44950.0,39133.0,2006
2145,9.1,47545.0,39135.0,2006
2146,6.9,51078.0,39137.0,2006
2147,13.3,39620.0,39139.0,2006
2148,16.1,38764.0,39141.0,2006
2149,10.1,45235.0,39143.0,2006
2150,22.8,31280.0,39145.0,2006
2151,10.8,41808.0,39147.0,2006
2152,8.5,47231.0,39149.0,2006
2153,12.3,42548.0,39151.0,2006
2154,12.6,45022.0,39153.0,2006
2155,11.9,42240.0,39155.0,2006
2156,12.3,38371.0,39157.0,2006
2157,6.2,63175.0,39159.0,2006
2158,8.2,42038.0,39161.0,2006
2159,19.0,34565.0,39163.0,2006
2160,5.3,67167.0,39165.0,2006
2161,14.6,38007.0,39167.0,2006
2162,10.8,45633.0,39169.0,2006
2163,9.7,42827.0,39171.0,2006
2164,10.8,51042.0,39173.0,2006
2165,8.0,44482.0,39175.0,2006
2167,24.5,28908.0,40001.0,2006
2168,16.5,33508.0,40003.0,2006
2169,21.4,28586.0,40005.0,2006
2170,12.3,43544.0,40007.0,2006
2171,17.1,35286.0,40009.0,2006
2172,20.5,32740.0,40011.0,2006
2173,18.9,34484.0,40013.0,2006
2174,21.9,31368.0,40015.0,2006
2175,7.9,52007.0,40017.0,2006
2176,17.5,34471.0,40019.0,2006
2177,24.8,30243.0,40021.0,2006
2178,26.7,26762.0,40023.0,2006
2179,17.7,31437.0,40025.0,2006
2180,13.0,47870.0,40027.0,2006
2181,24.5,26998.0,40029.0,2006
2182,17.2,39117.0,40031.0,2006
2183,17.0,34750.0,40033.0,2006
2184,17.1,34182.0,40035.0,2006
2185,18.4,38072.0,40037.0,2006
2186,18.5,33685.0,40039.0,2006
2187,21.0,32019.0,40041.0,2006
2188,14.5,35097.0,40043.0,2006
2189,13.2,33590.0,40045.0,2006
2190,17.1,38295.0,40047.0,2006
2191,18.7,31965.0,40049.0,2006
2192,15.0,38473.0,40051.0,2006
2193,14.5,33730.0,40053.0,2006
2194,24.9,28791.0,40055.0,2006
2195,27.7,25183.0,40057.0,2006
2196,10.8,39484.0,40059.0,2006
2197,21.5,29937.0,40061.0,2006
2198,23.6,27158.0,40063.0,2006
2199,17.9,36441.0,40065.0,2006
2200,20.8,27226.0,40067.0,2006
2201,21.1,29238.0,40069.0,2006
2202,16.5,37205.0,40071.0,2006
2203,11.3,44316.0,40073.0,2006
2204,21.9,30477.0,40075.0,2006
2205,20.6,31956.0,40077.0,2006
2206,18.9,33770.0,40079.0,2006
2207,15.7,38338.0,40081.0,2006
2208,14.9,44231.0,40083.0,2006
2209,14.4,37868.0,40085.0,2006
2210,10.6,46480.0,40087.0,2006
2211,25.9,27762.0,40089.0,2006
2212,21.4,28709.0,40091.0,2006
2213,11.6,38326.0,40093.0,2006
2214,17.6,34008.0,40095.0,2006
2215,15.6,36312.0,40097.0,2006
2216,15.4,37007.0,40099.0,2006
2217,19.1,32962.0,40101.0,2006
2218,14.0,36596.0,40103.0,2006
2219,16.6,34795.0,40105.0,2006
2220,25.4,29005.0,40107.0,2006
2221,16.7,39214.0,40109.0,2006
2222,22.1,32169.0,40111.0,2006
2223,14.8,37774.0,40113.0,2006
2224,17.4,31316.0,40115.0,2006
2225,16.4,36719.0,40117.0,2006
2226,20.9,35458.0,40119.0,2006
2227,16.0,34390.0,40121.0,2006
2228,22.8,30866.0,40123.0,2006
2229,18.1,36752.0,40125.0,2006
2230,24.4,26046.0,40127.0,2006
2231,11.7,38248.0,40129.0,2006
2232,10.0,52525.0,40131.0,2006
2233,23.9,30008.0,40133.0,2006
2234,22.6,32254.0,40135.0,2006
2235,15.5,37448.0,40137.0,2006
2236,13.9,38416.0,40139.0,2006
2237,24.7,29260.0,40141.0,2006
2238,15.6,41752.0,40143.0,2006
2239,12.0,48224.0,40145.0,2006
2240,13.8,41112.0,40147.0,2006
2241,16.2,36362.0,40149.0,2006
2242,17.7,33385.0,40151.0,2006
2243,12.8,42318.0,40153.0,2006
2245,16.0,34373.0,41001.0,2006
2246,14.7,48301.0,41003.0,2006
2247,8.0,56287.0,41005.0,2006
2248,14.4,38818.0,41007.0,2006
2249,8.8,54958.0,41009.0,2006
2250,17.3,36033.0,41011.0,2006
2251,13.2,41573.0,41013.0,2006
2252,14.9,34346.0,41015.0,2006
2253,9.9,50513.0,41017.0,2006
2254,16.0,38253.0,41019.0,2006
2255,11.8,43111.0,41021.0,2006
2256,16.0,36629.0,41023.0,2006
2257,16.2,33800.0,41025.0,2006
2258,14.7,44148.0,41027.0,2006
2259,13.0,40926.0,41029.0,2006
2260,15.5,39331.0,41031.0,2006
2261,15.8,37858.0,41033.0,2006
2262,18.4,37045.0,41035.0,2006
2263,16.9,36234.0,41037.0,2006
2264,15.9,42069.0,41039.0,2006
2265,15.9,37387.0,41041.0,2006
2266,15.4,41115.0,41043.0,2006
2267,20.4,34511.0,41045.0,2006
2268,14.7,45185.0,41047.0,2006
2269,17.1,42336.0,41049.0,2006
2270,15.5,45542.0,41051.0,2006
2271,13.2,47164.0,41053.0,2006
2272,16.4,38227.0,41055.0,2006
2273,14.8,37338.0,41057.0,2006
2274,16.0,43237.0,41059.0,2006
2275,15.2,41984.0,41061.0,2006
2276,14.1,38305.0,41063.0,2006
2277,16.0,39056.0,41065.0,2006
2278,9.6,59456.0,41067.0,2006
2279,16.0,32740.0,41069.0,2006
2280,13.3,48877.0,41071.0,2006
2282,7.8,52920.0,42001.0,2006
2283,12.3,43709.0,42003.0,2006
2284,12.4,36795.0,42005.0,2006
2285,10.8,42043.0,42007.0,2006
2286,13.9,37213.0,42009.0,2006
2287,10.5,50025.0,42011.0,2006
2288,12.0,39715.0,42013.0,2006
2289,14.4,37846.0,42015.0,2006
2290,4.9,70276.0,42017.0,2006
2291,8.3,52484.0,42019.0,2006
2292,13.1,34503.0,42021.0,2006
2293,11.6,37057.0,42023.0,2006
2294,11.1,41647.0,42025.0,2006
2295,18.3,41573.0,42027.0,2006
2296,6.7,77436.0,42029.0,2006
2297,13.1,37967.0,42031.0,2006
2298,13.2,34277.0,42033.0,2006
2299,14.2,36197.0,42035.0,2006
2300,11.8,39237.0,42037.0,2006
2301,14.0,36031.0,42039.0,2006
2302,6.3,55980.0,42041.0,2006
2303,10.3,48830.0,42043.0,2006
2304,8.7,55097.0,42045.0,2006
2305,9.5,42036.0,42047.0,2006
2306,16.1,39822.0,42049.0,2006
2307,19.3,31692.0,42051.0,2006
2308,17.9,33723.0,42053.0,2006
2309,7.5,49818.0,42055.0,2006
2310,11.3,42093.0,42057.0,2006
2311,17.9,35009.0,42059.0,2006
2312,11.8,37677.0,42061.0,2006
2313,15.7,38326.0,42063.0,2006
2314,14.0,35176.0,42065.0,2006
2315,8.8,40844.0,42067.0,2006
2316,12.7,39064.0,42069.0,2006
2317,9.1,52057.0,42071.0,2006
2318,13.3,39046.0,42073.0,2006
2319,8.7,48636.0,42075.0,2006
2320,11.8,48590.0,42077.0,2006
2321,13.2,39564.0,42079.0,2006
2322,14.0,38853.0,42081.0,2006
2323,15.2,38009.0,42083.0,2006
2324,14.0,38328.0,42085.0,2006
2325,13.9,35368.0,42087.0,2006
2326,10.2,51390.0,42089.0,2006
2327,5.6,71142.0,42091.0,2006
2328,11.2,44668.0,42093.0,2006
2329,8.4,53308.0,42095.0,2006
2330,15.3,36147.0,42097.0,2006
2331,8.7,47703.0,42099.0,2006
2332,24.9,33368.0,42101.0,2006
2333,7.0,53661.0,42103.0,2006
2334,14.7,38817.0,42105.0,2006
2335,12.2,38395.0,42107.0,2006
2336,9.1,41669.0,42109.0,2006
2337,12.9,34306.0,42111.0,2006
2338,17.5,33727.0,42113.0,2006
2339,12.4,38503.0,42115.0,2006
2340,15.5,35165.0,42117.0,2006
2341,12.4,43677.0,42119.0,2006
2342,14.5,35648.0,42121.0,2006
2343,12.6,40006.0,42123.0,2006
2344,10.3,45448.0,42125.0,2006
2345,12.0,40462.0,42127.0,2006
2346,9.2,43636.0,42129.0,2006
2347,9.8,45993.0,42131.0,2006
2348,7.9,52417.0,42133.0,2006
2350,6.6,62136.0,44001.0,2006
2351,7.5,58261.0,44003.0,2006
2352,7.2,58748.0,44005.0,2006
2353,14.3,45717.0,44007.0,2006
2354,7.6,64864.0,44009.0,2006
2356,18.1,34610.0,45001.0,2006
2357,13.4,43598.0,45003.0,2006
2358,38.0,20832.0,45005.0,2006
2359,14.4,41066.0,45007.0,2006
2360,27.0,28110.0,45009.0,2006
2361,18.4,31535.0,45011.0,2006
2362,11.9,51209.0,45013.0,2006
2363,10.7,48162.0,45015.0,2006
2364,17.0,38032.0,45017.0,2006
2365,17.8,43697.0,45019.0,2006
2366,19.8,35649.0,45021.0,2006
2367,17.3,34477.0,45023.0,2006
2368,21.9,31957.0,45025.0,2006
2369,28.0,30264.0,45027.0,2006
2370,22.9,33852.0,45029.0,2006
2371,20.3,35807.0,45031.0,2006
2372,26.8,28612.0,45033.0,2006
2373,10.0,50485.0,45035.0,2006
2374,18.0,39780.0,45037.0,2006
2375,21.4,33058.0,45039.0,2006
2376,17.3,38417.0,45041.0,2006
2377,17.7,42117.0,45043.0,2006
2378,13.4,42276.0,45045.0,2006
2379,16.1,38430.0,45047.0,2006
2380,23.4,31981.0,45049.0,2006
2381,16.0,40723.0,45051.0,2006
2382,22.4,34618.0,45053.0,2006
2383,13.8,43579.0,45055.0,2006
2384,16.5,37321.0,45057.0,2006
2385,18.4,36103.0,45059.0,2006
2386,28.2,27354.0,45061.0,2006
2387,11.4,50099.0,45063.0,2006
2388,22.2,34118.0,45065.0,2006
2389,27.8,27774.0,45067.0,2006
2390,25.1,28197.0,45069.0,2006
2391,15.5,38300.0,45071.0,2006
2392,13.9,40761.0,45073.0,2006
2393,27.2,31493.0,45075.0,2006
2394,12.9,40770.0,45077.0,2006
2395,14.0,45236.0,45079.0,2006
2396,16.8,38742.0,45081.0,2006
2397,13.1,40237.0,45083.0,2006
2398,19.2,35866.0,45085.0,2006
2399,19.0,32803.0,45087.0,2006
2400,31.0,26672.0,45089.0,2006
2401,11.6,46561.0,45091.0,2006
2403,11.8,36422.0,46003.0,2006
2404,13.0,37761.0,46005.0,2006
2405,35.3,30585.0,46007.0,2006
2406,14.8,35158.0,46009.0,2006
2407,13.5,41251.0,46011.0,2006
2408,10.1,43544.0,46013.0,2006
2409,16.1,37348.0,46015.0,2006
2410,42.8,16986.0,46017.0,2006
2411,13.4,34183.0,46019.0,2006
2412,12.4,32797.0,46021.0,2006
2413,24.5,31361.0,46023.0,2006
2414,13.8,36624.0,46025.0,2006
2415,19.7,33188.0,46027.0,2006
2416,11.6,41976.0,46029.0,2006
2417,34.8,24967.0,46031.0,2006
2418,10.8,42930.0,46033.0,2006
2419,12.3,40495.0,46035.0,2006
2420,14.3,33112.0,46037.0,2006
2421,9.4,40498.0,46039.0,2006
2422,30.5,28200.0,46041.0,2006
2423,13.4,34091.0,46043.0,2006
2424,12.0,39611.0,46045.0,2006
2425,16.1,34486.0,46047.0,2006
2426,13.6,35749.0,46049.0,2006
2427,10.4,38680.0,46051.0,2006
2428,20.1,27571.0,46053.0,2006
2429,12.2,35650.0,46055.0,2006
2430,11.5,40659.0,46057.0,2006
2431,10.3,37913.0,46059.0,2006
2432,10.2,45028.0,46061.0,2006
2433,14.6,31434.0,46063.0,2006
2434,9.3,50906.0,46065.0,2006
2435,12.0,35124.0,46067.0,2006
2436,11.2,36880.0,46069.0,2006
2437,32.8,26448.0,46071.0,2006
2438,14.9,34930.0,46073.0,2006
2439,15.0,31963.0,46075.0,2006
2440,10.4,37165.0,46077.0,2006
2441,10.1,41562.0,46079.0,2006
2442,15.7,35911.0,46081.0,2006
2443,4.0,64182.0,46083.0,2006
2444,22.7,31130.0,46085.0,2006
2445,9.9,39384.0,46087.0,2006
2446,16.6,27833.0,46089.0,2006
2447,11.9,36018.0,46091.0,2006
2448,9.8,45739.0,46093.0,2006
2449,32.5,25992.0,46095.0,2006
2450,10.8,35451.0,46097.0,2006
2451,9.3,49708.0,46099.0,2006
2452,8.8,45899.0,46101.0,2006
2453,15.2,43442.0,46103.0,2006
2454,16.9,32200.0,46105.0,2006
2455,11.4,35662.0,46107.0,2006
2456,20.9,32435.0,46109.0,2006
2457,13.8,37953.0,46111.0,2006
2458,42.6,25358.0,46113.0,2006
2459,15.8,36226.0,46115.0,2006
2460,8.7,46908.0,46117.0,2006
2461,9.2,40709.0,46119.0,2006
2462,43.6,23544.0,46121.0,2006
2463,17.7,33763.0,46123.0,2006
2464,8.6,41969.0,46125.0,2006
2465,6.4,54738.0,46127.0,2006
2466,17.9,32309.0,46129.0,2006
2467,12.8,40055.0,46135.0,2006
2468,48.5,22519.0,46137.0,2006
2470,14.3,41444.0,47001.0,2006
2471,18.2,39981.0,47003.0,2006
2472,19.1,31915.0,47005.0,2006
2473,23.0,32209.0,47007.0,2006
2474,12.9,43457.0,47009.0,2006
2475,15.9,38336.0,47011.0,2006
2476,24.4,28988.0,47013.0,2006
2477,15.2,38739.0,47015.0,2006
2478,18.3,34824.0,47017.0,2006
2479,22.7,31169.0,47019.0,2006
2480,10.6,50789.0,47021.0,2006
2481,14.6,39229.0,47023.0,2006
2482,19.8,29865.0,47025.0,2006
2483,21.1,27693.0,47027.0,2006
2484,24.1,29049.0,47029.0,2006
2485,17.3,38106.0,47031.0,2006
2486,19.3,34138.0,47033.0,2006
2487,17.1,35861.0,47035.0,2006
2488,16.5,42202.0,47037.0,2006
2489,19.5,31947.0,47039.0,2006
2490,17.2,35123.0,47041.0,2006
2491,12.2,43871.0,47043.0,2006
2492,19.5,36805.0,47045.0,2006
2493,14.8,47237.0,47047.0,2006
2494,25.2,27232.0,47049.0,2006
2495,15.5,40651.0,47051.0,2006
2496,21.5,33701.0,47053.0,2006
2497,15.0,37648.0,47055.0,2006
2498,19.0,32550.0,47057.0,2006
2499,17.4,34830.0,47059.0,2006
2500,29.6,27121.0,47061.0,2006
2501,17.7,37276.0,47063.0,2006
2502,13.9,42032.0,47065.0,2006
2503,33.4,22850.0,47067.0,2006
2504,23.2,32877.0,47069.0,2006
2505,19.6,29838.0,47071.0,2006
2506,17.7,35027.0,47073.0,2006
2507,26.2,30213.0,47075.0,2006
2508,16.1,36910.0,47077.0,2006
2509,18.9,34252.0,47079.0,2006
2510,20.4,34667.0,47081.0,2006
2511,20.9,34996.0,47083.0,2006
2512,14.4,39834.0,47085.0,2006
2513,22.5,30302.0,47087.0,2006
2514,17.0,37773.0,47089.0,2006
2515,25.3,27516.0,47091.0,2006
2516,14.2,44120.0,47093.0,2006
2517,31.7,25856.0,47095.0,2006
2518,24.0,31477.0,47097.0,2006
2519,20.1,32718.0,47099.0,2006
2520,18.3,33795.0,47101.0,2006
2521,14.9,39717.0,47103.0,2006
2522,12.0,46934.0,47105.0,2006
2523,16.1,36256.0,47107.0,2006
2524,21.5,33476.0,47109.0,2006
2525,19.2,33198.0,47111.0,2006
2526,18.5,38765.0,47113.0,2006
2527,18.1,36235.0,47115.0,2006
2528,13.9,38878.0,47117.0,2006
2529,13.0,45715.0,47119.0,2006
2530,21.4,34608.0,47121.0,2006
2531,17.4,37088.0,47123.0,2006
2532,14.1,47223.0,47125.0,2006
2533,11.7,44707.0,47127.0,2006
2534,20.0,32399.0,47129.0,2006
2535,15.1,37604.0,47131.0,2006
2536,19.7,31543.0,47133.0,2006
2537,19.0,31329.0,47135.0,2006
2538,19.5,28637.0,47137.0,2006
2539,16.7,33463.0,47139.0,2006
2540,17.9,35336.0,47141.0,2006
2541,18.4,34442.0,47143.0,2006
2542,13.9,40829.0,47145.0,2006
2543,11.0,46503.0,47147.0,2006
2544,12.3,48924.0,47149.0,2006
2545,24.9,27432.0,47151.0,2006
2546,17.9,36916.0,47153.0,2006
2547,14.5,39394.0,47155.0,2006
2548,18.6,41274.0,47157.0,2006
2549,14.5,42203.0,47159.0,2006
2550,15.8,38072.0,47161.0,2006
2551,16.4,36801.0,47163.0,2006
2552,10.8,53083.0,47165.0,2006
2553,16.4,46084.0,47167.0,2006
2554,14.7,37141.0,47169.0,2006
2555,16.3,35168.0,47171.0,2006
2556,20.4,31728.0,47173.0,2006
2557,19.2,30365.0,47175.0,2006
2558,18.6,33289.0,47177.0,2006
2559,15.5,37416.0,47179.0,2006
2560,19.1,28924.0,47181.0,2006
2561,19.9,34035.0,47183.0,2006
2562,16.5,32879.0,47185.0,2006
2563,5.3,81898.0,47187.0,2006
2564,8.2,59825.0,47189.0,2006
2566,19.3,35729.0,48001.0,2006
2567,14.7,42257.0,48003.0,2006
2568,15.4,39342.0,48005.0,2006
2569,21.2,35808.0,48007.0,2006
2570,8.9,41951.0,48009.0,2006
2571,11.3,44063.0,48011.0,2006
2572,19.7,39749.0,48013.0,2006
2573,11.5,46603.0,48015.0,2006
2574,18.9,31507.0,48017.0,2006
2575,13.2,44656.0,48019.0,2006
2576,11.7,50304.0,48021.0,2006
2577,18.1,28292.0,48023.0,2006
2578,27.7,32014.0,48025.0,2006
2579,12.9,42849.0,48027.0,2006
2580,16.6,42833.0,48029.0,2006
2581,12.5,49072.0,48031.0,2006
2582,9.6,38329.0,48033.0,2006
2583,15.2,41289.0,48035.0,2006
2584,17.0,38658.0,48037.0,2006
2585,12.1,56805.0,48039.0,2006
2586,27.0,35563.0,48041.0,2006
2587,19.5,30743.0,48043.0,2006
2588,16.4,33181.0,48045.0,2006
2589,35.1,22392.0,48047.0,2006
2590,19.5,35853.0,48049.0,2006
2591,18.7,37942.0,48051.0,2006
2592,14.1,45984.0,48053.0,2006
2593,15.4,39268.0,48055.0,2006
2594,18.5,39070.0,48057.0,2006
2595,14.2,37043.0,48059.0,2006
2596,35.6,27877.0,48061.0,2006
2597,23.8,34770.0,48063.0,2006
2598,8.8,44722.0,48065.0,2006
2599,19.1,34667.0,48067.0,2006
2600,21.3,33816.0,48069.0,2006
2601,11.9,58221.0,48071.0,2006
2602,18.4,34199.0,48073.0,2006
2603,26.7,30924.0,48075.0,2006
2604,11.4,43474.0,48077.0,2006
2605,29.9,30541.0,48079.0,2006
2606,14.5,31831.0,48081.0,2006
2607,20.6,28182.0,48083.0,2006
2608,6.0,74681.0,48085.0,2006
2609,20.4,30515.0,48087.0,2006
2610,15.4,36222.0,48089.0,2006
2611,10.7,58702.0,48091.0,2006
2612,20.1,31889.0,48093.0,2006
2613,22.6,33636.0,48095.0,2006
2614,14.4,44047.0,48097.0,2006
2615,16.3,41665.0,48099.0,2006
2616,20.8,27718.0,48101.0,2006
2617,10.5,42052.0,48103.0,2006
2618,17.3,36535.0,48105.0,2006
2619,25.5,30682.0,48107.0,2006
2620,28.3,26168.0,48109.0,2006
2621,15.6,31885.0,48111.0,2006
2622,16.5,44894.0,48113.0,2006
2623,23.6,29719.0,48115.0,2006
2624,19.7,33385.0,48117.0,2006
2625,18.5,33441.0,48119.0,2006
2626,8.1,67078.0,48121.0,2006
2627,21.0,32910.0,48123.0,2006
2628,23.0,28598.0,48125.0,2006
2629,32.2,25656.0,48127.0,2006
2630,18.7,33208.0,48129.0,2006
2631,29.7,26420.0,48131.0,2006
2632,21.0,31426.0,48133.0,2006
2633,18.4,39191.0,48135.0,2006
2634,26.6,27971.0,48137.0,2006
2635,11.7,54974.0,48139.0,2006
2636,27.4,32354.0,48141.0,2006
2637,17.8,35311.0,48143.0,2006
2638,24.4,29861.0,48145.0,2006
2639,16.1,39536.0,48147.0,2006
2640,12.9,40001.0,48149.0,2006
2641,16.7,32385.0,48151.0,2006
2642,22.5,30298.0,48153.0,2006
2643,18.2,27503.0,48155.0,2006
2644,7.7,74815.0,48157.0,2006
2645,14.8,37942.0,48159.0,2006
2646,15.7,38206.0,48161.0,2006
2647,27.9,27936.0,48163.0,2006
2648,18.9,36504.0,48165.0,2006
2649,14.0,52176.0,48167.0,2006
2650,22.4,32201.0,48169.0,2006
2651,10.2,45386.0,48171.0,2006
2652,12.2,45741.0,48173.0,2006
2653,15.2,40044.0,48175.0,2006
2654,19.5,32651.0,48177.0,2006
2655,14.3,37539.0,48179.0,2006
2656,14.3,42839.0,48181.0,2006
2657,16.7,39923.0,48183.0,2006
2658,17.9,37730.0,48185.0,2006
2659,11.3,52635.0,48187.0,2006
2660,20.5,33123.0,48189.0,2006
2661,26.8,25695.0,48191.0,2006
2662,16.6,35162.0,48193.0,2006
2663,14.8,39363.0,48195.0,2006
2664,17.2,32290.0,48197.0,2006
2665,13.9,46127.0,48199.0,2006
2666,16.4,47159.0,48201.0,2006
2667,18.3,39991.0,48203.0,2006
2668,10.7,46834.0,48205.0,2006
2669,25.1,27540.0,48207.0,2006
2670,14.7,52703.0,48209.0,2006
2671,8.7,45850.0,48211.0,2006
2672,18.0,35135.0,48213.0,2006
2673,36.7,28538.0,48215.0,2006
2674,15.7,37296.0,48217.0,2006
2675,18.8,36739.0,48219.0,2006
2676,10.4,52019.0,48221.0,2006
2677,15.8,36597.0,48223.0,2006
2678,28.1,29380.0,48225.0,2006
2679,20.4,35812.0,48227.0,2006
2680,31.2,23096.0,48229.0,2006
2681,16.9,38088.0,48231.0,2006
2682,13.4,41040.0,48233.0,2006
2683,9.5,41905.0,48235.0,2006
2684,13.9,39275.0,48237.0,2006
2685,14.6,39019.0,48239.0,2006
2686,20.4,33703.0,48241.0,2006
2687,13.4,36431.0,48243.0,2006
2688,20.4,38484.0,48245.0,2006
2689,24.2,31809.0,48247.0,2006
2690,22.1,34925.0,48249.0,2006
2691,9.9,50665.0,48251.0,2006
2692,21.0,35309.0,48253.0,2006
2693,26.0,30967.0,48255.0,2006
2694,12.6,51897.0,48257.0,2006
2695,8.7,60176.0,48259.0,2006
2696,14.6,27201.0,48261.0,2006
2697,13.2,35767.0,48263.0,2006
2698,15.3,40342.0,48265.0,2006
2699,17.8,33799.0,48267.0,2006
2700,15.7,38546.0,48269.0,2006
2701,21.9,32089.0,48271.0,2006
2702,30.5,32232.0,48273.0,2006
2703,22.8,30727.0,48275.0,2006
2704,18.5,34393.0,48277.0,2006
2705,19.4,32094.0,48279.0,2006
2706,13.7,42727.0,48281.0,2006
2707,29.3,26035.0,48283.0,2006
2708,13.8,35706.0,48285.0,2006
2709,11.9,41928.0,48287.0,2006
2710,14.0,36756.0,48289.0,2006
2711,14.4,41579.0,48291.0,2006
2712,17.0,35922.0,48293.0,2006
2713,16.3,37643.0,48295.0,2006
2714,19.7,36306.0,48297.0,2006
2715,13.2,39773.0,48299.0,2006
2716,20.0,38623.0,48301.0,2006
2717,18.7,37403.0,48303.0,2006
2718,20.3,30873.0,48305.0,2006
2719,23.3,30445.0,48307.0,2006
2720,19.2,36773.0,48309.0,2006
2721,15.7,36843.0,48311.0,2006
2722,20.5,34889.0,48313.0,2006
2723,26.1,28401.0,48315.0,2006
2724,17.7,33832.0,48317.0,2006
2725,15.6,36511.0,48319.0,2006
2726,23.4,36124.0,48321.0,2006
2727,36.6,25542.0,48323.0,2006
2728,15.5,43825.0,48325.0,2006
2729,23.0,27327.0,48327.0,2006
2730,14.4,45682.0,48329.0,2006
2731,19.0,34306.0,48331.0,2006
2732,18.1,34088.0,48333.0,2006
2733,25.9,30264.0,48335.0,2006
2734,14.8,37756.0,48337.0,2006
2735,11.2,60394.0,48339.0,2006
2736,14.5,39106.0,48341.0,2006
2737,18.2,35018.0,48343.0,2006
2738,17.6,32042.0,48345.0,2006
2739,23.8,31669.0,48347.0,2006
2740,17.9,36334.0,48349.0,2006
2741,22.9,30570.0,48351.0,2006
2742,23.3,30282.0,48353.0,2006
2743,21.8,37477.0,48355.0,2006
2744,12.3,44517.0,48357.0,2006
2745,15.8,37092.0,48359.0,2006
2746,15.8,41959.0,48361.0,2006
2747,16.6,35377.0,48363.0,2006
2748,14.2,38804.0,48365.0,2006
2749,9.1,53885.0,48367.0,2006
2750,16.1,32126.0,48369.0,2006
2751,22.2,32528.0,48371.0,2006
2752,22.8,33971.0,48373.0,2006
2753,24.2,32697.0,48375.0,2006
2754,26.8,24520.0,48377.0,2006
2755,15.2,38728.0,48379.0,2006
2756,9.2,51476.0,48381.0,2006
2757,12.1,44886.0,48383.0,2006
2758,22.8,30032.0,48385.0,2006
2759,21.2,29744.0,48387.0,2006
2760,28.4,27219.0,48389.0,2006
2761,16.1,36755.0,48391.0,2006
2762,7.2,52140.0,48393.0,2006
2763,21.5,34208.0,48395.0,2006
2764,4.9,75477.0,48397.0,2006
2765,20.9,30765.0,48399.0,2006
2766,15.1,40400.0,48401.0,2006
2767,18.8,31590.0,48403.0,2006
2768,22.9,29143.0,48405.0,2006
2769,19.2,40577.0,48407.0,2006
2770,16.5,39585.0,48409.0,2006
2771,20.5,32782.0,48411.0,2006
2772,15.0,40310.0,48413.0,2006
2773,15.9,39294.0,48415.0,2006
2774,12.8,39305.0,48417.0,2006
2775,23.4,32351.0,48419.0,2006
2776,15.8,36893.0,48421.0,2006
2777,16.7,41775.0,48423.0,2006
2778,10.7,46606.0,48425.0,2006
2779,44.4,20098.0,48427.0,2006
2780,22.6,31383.0,48429.0,2006
2781,14.4,41532.0,48431.0,2006
2782,17.4,34620.0,48433.0,2006
2783,13.7,46501.0,48435.0,2006
2784,20.2,32102.0,48437.0,2006
2785,12.9,51826.0,48439.0,2006
2786,16.5,38891.0,48441.0,2006
2787,19.9,25939.0,48443.0,2006
2788,22.8,33218.0,48445.0,2006
2789,15.0,31079.0,48447.0,2006
2790,17.7,37703.0,48449.0,2006
2791,18.5,36047.0,48451.0,2006
2792,15.1,50825.0,48453.0,2006
2793,19.8,31548.0,48455.0,2006
2794,18.2,33034.0,48457.0,2006
2795,13.8,37345.0,48459.0,2006
2796,18.5,35997.0,48461.0,2006
2797,24.7,30534.0,48463.0,2006
2798,25.0,33035.0,48465.0,2006
2799,13.5,41606.0,48467.0,2006
2800,15.1,44524.0,48469.0,2006
2801,25.3,31783.0,48471.0,2006
2802,22.1,42999.0,48473.0,2006
2803,18.8,35550.0,48475.0,2006
2804,15.1,41092.0,48477.0,2006
2805,29.7,32559.0,48479.0,2006
2806,16.9,36195.0,48481.0,2006
2807,13.4,37548.0,48483.0,2006
2808,17.7,37018.0,48485.0,2006
2809,21.0,32583.0,48487.0,2006
2810,36.2,25224.0,48489.0,2006
2811,6.5,63333.0,48491.0,2006
2812,10.3,50073.0,48493.0,2006
2813,16.2,39056.0,48495.0,2006
2814,10.3,50916.0,48497.0,2006
2815,15.9,38108.0,48499.0,2006
2816,15.2,41156.0,48501.0,2006
2817,16.0,35072.0,48503.0,2006
2818,34.8,27077.0,48505.0,2006
2819,44.0,18719.0,48507.0,2006
2821,10.1,42567.0,49001.0,2006
2822,8.5,50290.0,49003.0,2006
2823,13.0,43890.0,49005.0,2006
2824,14.0,39927.0,49007.0,2006
2825,6.4,37468.0,49009.0,2006
2826,5.8,61323.0,49011.0,2006
2827,14.3,41794.0,49013.0,2006
2828,13.0,46255.0,49015.0,2006
2829,10.3,40269.0,49017.0,2006
2830,15.4,36779.0,49019.0,2006
2831,16.8,40881.0,49021.0,2006
2832,10.9,47860.0,49023.0,2006
2833,9.6,41082.0,49025.0,2006
2834,13.3,42760.0,49027.0,2006
2835,4.8,63016.0,49029.0,2006
2836,17.7,34964.0,49031.0,2006
2837,9.9,46583.0,49033.0,2006
2838,10.6,52951.0,49035.0,2006
2839,25.8,33238.0,49037.0,2006
2840,18.1,37203.0,49039.0,2006
2841,12.8,40057.0,49041.0,2006
2842,6.1,78680.0,49043.0,2006
2843,7.5,54163.0,49045.0,2006
2844,12.2,48139.0,49047.0,2006
2845,12.8,50661.0,49049.0,2006
2846,6.6,58359.0,49051.0,2006
2847,9.7,46110.0,49053.0,2006
2848,13.1,36733.0,49055.0,2006
2849,11.2,49525.0,49057.0,2006
2851,10.3,50202.0,50001.0,2006
2852,10.4,45077.0,50003.0,2006
2853,12.2,39556.0,50005.0,2006
2854,9.2,54664.0,50007.0,2006
2855,14.5,34110.0,50009.0,2006
2856,10.4,49965.0,50011.0,2006
2857,8.3,52714.0,50013.0,2006
2858,11.0,44651.0,50015.0,2006
2859,9.3,48335.0,50017.0,2006
2860,14.8,37611.0,50019.0,2006
2861,10.2,43427.0,50021.0,2006
2862,9.5,49103.0,50023.0,2006
2863,10.8,42579.0,50025.0,2006
2864,9.6,44860.0,50027.0,2006
2866,15.4,37235.0,51001.0,2006
2867,7.1,58428.0,51003.0,2006
2868,12.1,40682.0,51005.0,2006
2869,9.2,47140.0,51007.0,2006
2870,11.8,42981.0,51009.0,2006
2871,13.3,41114.0,51011.0,2006
2872,7.0,84316.0,51013.0,2006
2873,8.3,47970.0,51015.0,2006
2874,8.4,40114.0,51017.0,2006
2875,7.9,50772.0,51019.0,2006
2876,13.0,36226.0,51021.0,2006
2877,6.0,58481.0,51023.0,2006
2878,19.0,37717.0,51025.0,2006
2879,22.9,26265.0,51027.0,2006
2880,17.6,35640.0,51029.0,2006
2881,11.8,41225.0,51031.0,2006
2882,9.4,48688.0,51033.0,2006
2883,13.9,35822.0,51035.0,2006
2884,10.5,48025.0,51036.0,2006
2885,17.3,32397.0,51037.0,2006
2886,5.5,67658.0,51041.0,2006
2887,6.4,62476.0,51043.0,2006
2888,10.6,43700.0,51045.0,2006
2889,8.4,56507.0,51047.0,2006
2890,15.0,36670.0,51049.0,2006
2891,19.2,28505.0,51051.0,2006
2892,11.1,48965.0,51053.0,2006
2893,12.4,42762.0,51057.0,2006
2894,5.2,99934.0,51059.0,2006
2895,5.3,75527.0,51061.0,2006
2896,13.4,40606.0,51063.0,2006
2897,6.7,56893.0,51065.0,2006
2898,10.6,42891.0,51067.0,2006
2899,7.1,55983.0,51069.0,2006
2900,11.0,39094.0,51071.0,2006
2901,9.6,53052.0,51073.0,2006
2902,6.3,70365.0,51075.0,2006
2903,15.9,32491.0,51077.0,2006
2904,7.7,52872.0,51079.0,2006
2905,18.8,35068.0,51081.0,2006
2906,18.4,33318.0,51083.0,2006
2907,4.1,69390.0,51085.0,2006
2908,7.9,57143.0,51087.0,2006
2909,14.4,33897.0,51089.0,2006
2910,12.9,34521.0,51091.0,2006
2911,8.2,54659.0,51093.0,2006
2912,6.4,67054.0,51095.0,2006
2913,12.2,40014.0,51097.0,2006
2914,6.0,63166.0,51099.0,2006
2915,6.9,57576.0,51101.0,2006
2916,13.5,40883.0,51103.0,2006
2917,22.4,27289.0,51105.0,2006
2918,2.9,99619.0,51107.0,2006
2919,9.9,48086.0,51109.0,2006
2920,19.8,32322.0,51111.0,2006
2921,10.2,46754.0,51113.0,2006
2922,8.3,49048.0,51115.0,2006
2923,14.8,34566.0,51117.0,2006
2924,12.7,43484.0,51119.0,2006
2925,20.3,38795.0,51121.0,2006
2926,11.3,42761.0,51125.0,2006
2927,5.5,66323.0,51127.0,2006
2928,18.9,32804.0,51131.0,2006
2929,13.4,44183.0,51133.0,2006
2930,19.3,35017.0,51135.0,2006
2931,7.8,52281.0,51137.0,2006
2932,13.0,38183.0,51139.0,2006
2933,14.1,33222.0,51141.0,2006
2934,13.0,38746.0,51143.0,2006
2935,5.8,68493.0,51145.0,2006
2936,19.6,34790.0,51147.0,2006
2937,8.6,57883.0,51149.0,2006
2938,5.1,80576.0,51153.0,2006
2939,14.1,39305.0,51155.0,2006
2940,7.8,55578.0,51157.0,2006
2941,16.5,37490.0,51159.0,2006
2942,5.3,53843.0,51161.0,2006
2943,12.0,41931.0,51163.0,2006
2944,8.7,47739.0,51165.0,2006
2945,17.4,30866.0,51167.0,2006
2946,17.7,32477.0,51169.0,2006
2947,8.3,47198.0,51171.0,2006
2948,15.5,34397.0,51173.0,2006
2949,15.4,38833.0,51175.0,2006
2950,5.6,72195.0,51177.0,2006
2951,4.4,83945.0,51179.0,2006
2952,10.7,43233.0,51181.0,2006
2953,23.5,34286.0,51183.0,2006
2954,16.5,31528.0,51185.0,2006
2955,9.6,54033.0,51187.0,2006
2956,12.9,37122.0,51191.0,2006
2957,14.5,41836.0,51193.0,2006
2958,20.1,31038.0,51195.0,2006
2959,14.6,36842.0,51197.0,2006
2960,4.3,71272.0,51199.0,2006
2961,7.2,78330.0,51510.0,2006
2962,17.4,33380.0,51515.0,2006
2963,21.4,31104.0,51520.0,2006
2964,12.5,37942.0,51530.0,2006
2965,24.0,35147.0,51540.0,2006
2966,6.8,61584.0,51550.0,2006
2967,7.3,48686.0,51570.0,2006
2968,14.6,34752.0,51580.0,2006
2969,22.3,28872.0,51590.0,2006
2970,18.7,32925.0,51595.0,2006
2971,5.4,79896.0,51600.0,2006
2972,3.1,90614.0,51610.0,2006
2973,18.5,35008.0,51620.0,2006
2974,14.9,41823.0,51630.0,2006
2975,23.0,30988.0,51640.0,2006
2976,12.1,46272.0,51650.0,2006
2977,28.1,33259.0,51660.0,2006
2978,16.6,37303.0,51670.0,2006
2979,20.8,36210.0,51678.0,2006
2980,19.1,36314.0,51680.0,2006
2981,7.4,69060.0,51683.0,2006
2982,6.9,68555.0,51685.0,2006
2983,20.2,30550.0,51690.0,2006
2984,12.6,43435.0,51700.0,2006
2985,17.5,39378.0,51710.0,2006
2986,20.3,28687.0,51720.0,2006
2987,19.3,32316.0,51730.0,2006
2988,4.9,76741.0,51735.0,2006
2989,14.8,39702.0,51740.0,2006
2990,24.0,30101.0,51750.0,2006
2991,20.7,35761.0,51760.0,2006
2992,16.7,35331.0,51770.0,2006
2993,9.4,44631.0,51775.0,2006
2994,13.7,37797.0,51790.0,2006
2995,10.7,55858.0,51800.0,2006
2996,7.2,60985.0,51810.0,2006
2997,12.4,38501.0,51820.0,2006
2998,20.7,41814.0,51830.0,2006
2999,13.9,39530.0,51840.0,2006
3001,21.0,37412.0,53001.0,2006
3002,16.3,37837.0,53003.0,2006
3003,12.7,51490.0,53005.0,2006
3004,12.7,46205.0,53007.0,2006
3005,14.3,41238.0,53009.0,2006
3006,10.2,55459.0,53011.0,2006
3007,14.7,36897.0,53013.0,2006
3008,15.7,44337.0,53015.0,2006
3009,14.0,44458.0,53017.0,2006
3010,20.3,32817.0,53019.0,2006
3011,21.2,44017.0,53021.0,2006
3012,14.3,36433.0,53023.0,2006
3013,20.3,38537.0,53025.0,2006
3014,17.5,39986.0,53027.0,2006
3015,8.2,50289.0,53029.0,2006
3016,12.8,45370.0,53031.0,2006
3017,9.6,63291.0,53033.0,2006
3018,9.1,55370.0,53035.0,2006
3019,21.6,36520.0,53037.0,2006
3020,17.4,39521.0,53039.0,2006
3021,14.3,41674.0,53041.0,2006
3022,14.4,41163.0,53043.0,2006
3023,11.6,46372.0,53045.0,2006
3024,19.5,35830.0,53047.0,2006
3025,16.5,35487.0,53049.0,2006
3026,16.9,35625.0,53051.0,2006
3027,11.7,53789.0,53053.0,2006
3028,9.4,50413.0,53055.0,2006
3029,13.4,48448.0,53057.0,2006
3030,12.5,43057.0,53059.0,2006
3031,7.9,60032.0,53061.0,2006
3032,13.5,42436.0,53063.0,2006
3033,15.6,39780.0,53065.0,2006
3034,10.7,53257.0,53067.0,2006
3035,10.1,43281.0,53069.0,2006
3036,17.4,42257.0,53071.0,2006
3037,14.4,44417.0,53073.0,2006
3038,20.8,34417.0,53075.0,2006
3039,21.1,38797.0,53077.0,2006
3041,20.9,30403.0,54001.0,2006
3042,8.9,50158.0,54003.0,2006
3043,19.8,32533.0,54005.0,2006
3044,22.0,29456.0,54007.0,2006
3045,12.6,36400.0,54009.0,2006
3046,17.6,33968.0,54011.0,2006
3047,26.0,26105.0,54013.0,2006
3048,26.0,27113.0,54015.0,2006
3049,22.1,30372.0,54017.0,2006
3050,22.5,28732.0,54019.0,2006
3051,22.8,28510.0,54021.0,2006
3052,16.1,32730.0,54023.0,2006
3053,17.9,31987.0,54025.0,2006
3054,15.3,39252.0,54027.0,2006
3055,13.2,37985.0,54029.0,2006
3056,13.2,38298.0,54031.0,2006
3057,17.8,36725.0,54033.0,2006
3058,16.5,39201.0,54035.0,2006
3059,8.5,59090.0,54037.0,2006
3060,14.9,36885.0,54039.0,2006
3061,17.8,31692.0,54041.0,2006
3062,26.5,27759.0,54043.0,2006
3063,24.0,30271.0,54045.0,2006
3064,34.6,20252.0,54047.0,2006
3065,15.7,33899.0,54049.0,2006
3066,18.0,32989.0,54051.0,2006
3067,19.0,32148.0,54053.0,2006
3068,23.2,30090.0,54055.0,2006
3069,15.8,37581.0,54057.0,2006
3070,24.1,27835.0,54059.0,2006
3071,18.9,35670.0,54061.0,2006
3072,15.7,35437.0,54063.0,2006
3073,13.0,42193.0,54065.0,2006
3074,21.8,31410.0,54067.0,2006
3075,17.7,32626.0,54069.0,2006
3076,13.5,34904.0,54071.0,2006
3077,13.5,38568.0,54073.0,2006
3078,17.4,30174.0,54075.0,2006
3079,17.0,34168.0,54077.0,2006
3080,10.4,48127.0,54079.0,2006
3081,17.3,36833.0,54081.0,2006
3082,16.0,33859.0,54083.0,2006
3083,17.0,33132.0,54085.0,2006
3084,22.9,28687.0,54087.0,2006
3085,25.2,25884.0,54089.0,2006
3086,19.0,36264.0,54091.0,2006
3087,16.1,30809.0,54093.0,2006
3088,17.9,31758.0,54095.0,2006
3089,22.1,31306.0,54097.0,2006
3090,21.5,31664.0,54099.0,2006
3091,27.0,26600.0,54101.0,2006
3092,20.0,34901.0,54103.0,2006
3093,18.8,33808.0,54105.0,2006
3094,17.2,36775.0,54107.0,2006
3095,23.2,29211.0,54109.0,2006
3097,14.6,37205.0,55001.0,2006
3098,15.9,36682.0,55003.0,2006
3099,11.4,38957.0,55005.0,2006
3100,11.8,40406.0,55007.0,2006
3101,10.3,50416.0,55009.0,2006
3102,8.7,45237.0,55011.0,2006
3103,13.8,39785.0,55013.0,2006
3104,5.3,58609.0,55015.0,2006
3105,11.3,45733.0,55017.0,2006
3106,12.6,40827.0,55019.0,2006
3107,7.5,51763.0,55021.0,2006
3108,12.1,39206.0,55023.0,2006
3109,10.2,57675.0,55025.0,2006
3110,7.5,49815.0,55027.0,2006
3111,7.8,45572.0,55029.0,2006
3112,12.9,42044.0,55031.0,2006
3113,11.8,47607.0,55033.0,2006
3114,12.8,46120.0,55035.0,2006
3115,11.6,39991.0,55037.0,2006
3116,8.4,49128.0,55039.0,2006
3117,14.0,36375.0,55041.0,2006
3118,10.3,41088.0,55043.0,2006
3119,6.8,50216.0,55045.0,2006
3120,8.8,45934.0,55047.0,2006
3121,8.2,49710.0,55049.0,2006
3122,11.8,33755.0,55051.0,2006
3123,13.3,40908.0,55053.0,2006
3124,8.2,51109.0,55055.0,2006
3125,12.4,40432.0,55057.0,2006
3126,11.3,52187.0,55059.0,2006
3127,6.3,51862.0,55061.0,2006
3128,13.3,44903.0,55063.0,2006
3129,9.6,42847.0,55065.0,2006
3130,12.7,37241.0,55067.0,2006
3131,8.7,47801.0,55069.0,2006
3132,7.6,47793.0,55071.0,2006
3133,8.0,50653.0,55073.0,2006
3134,12.0,37305.0,55075.0,2006
3135,10.6,42115.0,55077.0,2006
3136,30.0,30468.0,55078.0,2006
3137,18.9,41373.0,55079.0,2006
3138,13.2,42576.0,55081.0,2006
3139,9.2,45024.0,55083.0,2006
3140,8.3,47750.0,55085.0,2006
3141,8.2,51861.0,55087.0,2006
3142,3.8,70662.0,55089.0,2006
3143,10.3,43837.0,55091.0,2006
3144,7.4,54958.0,55093.0,2006
3145,8.0,49384.0,55095.0,2006
3146,12.2,51045.0,55097.0,2006
3147,10.2,40619.0,55099.0,2006
3148,11.2,51426.0,55101.0,2006
3149,13.4,41437.0,55103.0,2006
3150,11.1,47099.0,55105.0,2006
3151,13.3,35630.0,55107.0,2006
3152,4.9,67126.0,55109.0,2006
3153,10.0,45674.0,55111.0,2006
3154,17.7,36729.0,55113.0,2006
3155,11.3,43591.0,55115.0,2006
3156,7.3,47808.0,55117.0,2006
3157,10.7,42504.0,55119.0,2006
3158,9.2,43694.0,55121.0,2006
3159,13.7,38952.0,55123.0,2006
3160,9.1,39942.0,55125.0,2006
3161,11.6,51927.0,55127.0,2006
3162,13.6,37779.0,55129.0,2006
3163,5.8,59464.0,55131.0,2006
3164,4.0,69684.0,55133.0,2006
3165,10.0,44479.0,55135.0,2006
3166,11.8,39999.0,55137.0,2006
3167,9.7,49443.0,55139.0,2006
3168,8.0,46413.0,55141.0,2006
3170,16.3,35182.0,56001.0,2006
3171,12.4,38960.0,56003.0,2006
3172,6.8,61818.0,56005.0,2006
3173,12.5,45258.0,56007.0,2006
3174,9.5,52123.0,56009.0,2006
3175,8.5,46789.0,56011.0,2006
3176,15.6,38160.0,56013.0,2006
3177,13.7,39466.0,56015.0,2006
3178,12.3,36085.0,56017.0,2006
3179,9.4,39691.0,56019.0,2006
3180,9.3,49899.0,56021.0,2006
3181,8.7,50777.0,56023.0,2006
3182,11.0,45173.0,56025.0,2006
3183,13.1,36791.0,56027.0,2006
3184,10.3,42985.0,56029.0,2006
3185,12.1,38012.0,56031.0,2006
3186,10.3,42683.0,56033.0,2006
3187,6.3,57526.0,56035.0,2006
3188,7.5,59170.0,56037.0,2006
3189,5.0,65559.0,56039.0,2006
3190,9.8,54240.0,56041.0,2006
3191,11.7,44985.0,56043.0,2006
3192,9.7,44868.0,56045.0,2006
